INSERT INTO Types
(Type, Kind) VALUES
--——————ABILITY——————
('ABILITY_AL_HUGE_UPDATE_MEDIEVAL','KIND_ABILITY'),
('ABILITY_AL_HUGE_UPDATE_RENAISSANCE','KIND_ABILITY'),
('ABILITY_AL_HUGE_UPDATE_INDUSTRIAL','KIND_ABILITY'),
('ABILITY_AL_HUGE_UPDATE_MODERN','KIND_ABILITY'),
('ABILITY_AL_HUGE_UPDATE_ATOMIC','KIND_ABILITY'),
('ABILITY_AL_HUGE_UPDATE_INFORMATION','KIND_ABILITY'),
('ABILITY_AL_HUGE_UPDATE_FUTURE','KIND_ABILITY'),
('ABILITY_AL_HUGE_BELONGS_TO_PLAYER','KIND_ABILITY'),

--promotions
    ('PROMOTION_CLASS_AL_HUGE_SMALL','KIND_PROMOTION_CLASS'),
    ('PROMOTION_CLASS_AL_HUGE_MIDDLE','KIND_PROMOTION_CLASS'),
    ('PROMOTION_CLASS_AL_HUGE_LARGE','KIND_PROMOTION_CLASS'),
    ('PROMOTION_CLASS_AL_HUGE_GIGANT','KIND_PROMOTION_CLASS'),
    ('PROMOTION_CLASS_AL_HUGE_ULTRA','KIND_PROMOTION_CLASS'),

    ('PROMOTION_AL_HUGE_SMALL_1','KIND_PROMOTION'),
    ('PROMOTION_AL_HUGE_MIDDLE_1','KIND_PROMOTION'),
    ('PROMOTION_AL_HUGE_LARGE_1','KIND_PROMOTION'),
    ('PROMOTION_AL_HUGE_GIGANT_1','KIND_PROMOTION'),
    ('PROMOTION_AL_HUGE_ULTRA_1','KIND_PROMOTION'),
--units
    ('UNIT_AL_HUGE_SMALL_ANCIENT','KIND_UNIT'),
    ('UNIT_AL_HUGE_MIDDLE_ANCIENT','KIND_UNIT'),
    ('UNIT_AL_HUGE_LARGE_ANCIENT','KIND_UNIT'),
    ('UNIT_AL_HUGE_GIGANT_ANCIENT','KIND_UNIT'),
    ('UNIT_AL_HUGE_ULTRA_ANCIENT','KIND_UNIT'),

    ('UNIT_AL_HUGE_SMALL_ANCIENT_SEA','KIND_UNIT'),
    ('UNIT_AL_HUGE_MIDDLE_ANCIENT_SEA','KIND_UNIT'),
    ('UNIT_AL_HUGE_LARGE_ANCIENT_SEA','KIND_UNIT'),
    ('UNIT_AL_HUGE_GIGANT_ANCIENT_SEA','KIND_UNIT'),
    ('UNIT_AL_HUGE_ULTRA_ANCIENT_SEA','KIND_UNIT'),

    ('UNIT_AL_HUGE_GIGANT_SUPER','KIND_UNIT'),
    ('UNIT_AL_HUGE_ULTRA_SUPER','KIND_UNIT'),
    ('UNIT_AL_HUGE_YURI','KIND_UNIT'),

--kind tribe
    ('BARBARIAN_AL_CAVE_LARGE_1','KIND_BARBARIAN_TRIBE'),
    ('BARBARIAN_AL_CAVE_LARGE_2','KIND_BARBARIAN_TRIBE'),
    ('BARBARIAN_AL_CAVE_LARGE_3','KIND_BARBARIAN_TRIBE'),
    ('BARBARIAN_AL_CAVE_LARGE_4','KIND_BARBARIAN_TRIBE'),
    ('BARBARIAN_AL_CAVE_LARGE_5','KIND_BARBARIAN_TRIBE'),
    ('BARBARIAN_AL_CAVE_LARGE_6','KIND_BARBARIAN_TRIBE'),
    ('BARBARIAN_AL_CAVE_LARGE_7','KIND_BARBARIAN_TRIBE'),
    ('BARBARIAN_AL_CAVE_LARGE_8','KIND_BARBARIAN_TRIBE'),
    ('BARBARIAN_AL_CAVE_LARGE_9','KIND_BARBARIAN_TRIBE'),
    ('BARBARIAN_AL_CAVE_GIGANT_1','KIND_BARBARIAN_TRIBE'),
    ('BARBARIAN_AL_CAVE_GIGANT_2','KIND_BARBARIAN_TRIBE'),
    ('BARBARIAN_AL_CAVE_GIGANT_3','KIND_BARBARIAN_TRIBE'),
    ('BARBARIAN_AL_CAVE_GIGANT_4','KIND_BARBARIAN_TRIBE'),
    ('BARBARIAN_AL_CAVE_GIGANT_5','KIND_BARBARIAN_TRIBE'),
    ('BARBARIAN_AL_CAVE_GIGANT_6','KIND_BARBARIAN_TRIBE'),
    ('BARBARIAN_AL_CAVE_GIGANT_7','KIND_BARBARIAN_TRIBE'),
    ('BARBARIAN_AL_CAVE_GIGANT_8','KIND_BARBARIAN_TRIBE'),
    ('BARBARIAN_AL_CAVE_GIGANT_9','KIND_BARBARIAN_TRIBE'),
    ('BARBARIAN_AL_CAVE_ULTRA_1','KIND_BARBARIAN_TRIBE'),
    ('BARBARIAN_AL_CAVE_ULTRA_2','KIND_BARBARIAN_TRIBE'),
    ('BARBARIAN_AL_CAVE_ULTRA_3','KIND_BARBARIAN_TRIBE'),
    ('BARBARIAN_AL_CAVE_ULTRA_4','KIND_BARBARIAN_TRIBE'),
    ('BARBARIAN_AL_CAVE_ULTRA_5','KIND_BARBARIAN_TRIBE'),
    ('BARBARIAN_AL_CAVE_ULTRA_6','KIND_BARBARIAN_TRIBE'),
    ('BARBARIAN_AL_CAVE_ULTRA_7','KIND_BARBARIAN_TRIBE'),
    ('BARBARIAN_AL_CAVE_ULTRA_8','KIND_BARBARIAN_TRIBE'),
    ('BARBARIAN_AL_CAVE_ULTRA_9','KIND_BARBARIAN_TRIBE'),
    ('BARBARIAN_AL_NEST_GIGANT_1','KIND_BARBARIAN_TRIBE'),
    ('BARBARIAN_AL_NEST_GIGANT_2','KIND_BARBARIAN_TRIBE'),
    ('BARBARIAN_AL_NEST_GIGANT_3','KIND_BARBARIAN_TRIBE'),
    ('BARBARIAN_AL_NEST_GIGANT_4','KIND_BARBARIAN_TRIBE'),
    ('BARBARIAN_AL_NEST_GIGANT_5','KIND_BARBARIAN_TRIBE'),
    ('BARBARIAN_AL_NEST_GIGANT_6','KIND_BARBARIAN_TRIBE'),
    ('BARBARIAN_AL_NEST_GIGANT_7','KIND_BARBARIAN_TRIBE'),
    ('BARBARIAN_AL_NEST_GIGANT_8','KIND_BARBARIAN_TRIBE'),
    ('BARBARIAN_AL_NEST_GIGANT_9','KIND_BARBARIAN_TRIBE'),
    ('BARBARIAN_AL_NEST_GIGANT_SEA_1','KIND_BARBARIAN_TRIBE'),
    ('BARBARIAN_AL_NEST_GIGANT_SEA_2','KIND_BARBARIAN_TRIBE'),
    ('BARBARIAN_AL_NEST_GIGANT_SEA_3','KIND_BARBARIAN_TRIBE'),
    ('BARBARIAN_AL_NEST_GIGANT_SEA_4','KIND_BARBARIAN_TRIBE'),
    ('BARBARIAN_AL_NEST_GIGANT_SEA_5','KIND_BARBARIAN_TRIBE'),
    ('BARBARIAN_AL_NEST_GIGANT_SEA_6','KIND_BARBARIAN_TRIBE'),
    ('BARBARIAN_AL_NEST_GIGANT_SEA_7','KIND_BARBARIAN_TRIBE'),
    ('BARBARIAN_AL_NEST_GIGANT_SEA_8','KIND_BARBARIAN_TRIBE'),
    ('BARBARIAN_AL_NEST_GIGANT_SEA_9','KIND_BARBARIAN_TRIBE'),

    ('BARBARIAN_AL_NEST_YURI','KIND_BARBARIAN_TRIBE'),
    
    ('BARBARIAN_AL_NEST_SUPER_1','KIND_BARBARIAN_TRIBE'),
    ('BARBARIAN_AL_NEST_SUPER_2','KIND_BARBARIAN_TRIBE'),
    ('BARBARIAN_AL_NEST_SUPER_3','KIND_BARBARIAN_TRIBE');

INSERT INTO UnitPromotionClasses
(PromotionClassType, Name) VALUES
    ('PROMOTION_CLASS_AL_HUGE_SMALL', 'LOC_PROMOTION_CLASS_AL_HUGE_SMALL_NAME'),
    ('PROMOTION_CLASS_AL_HUGE_MIDDLE', 'LOC_PROMOTION_CLASS_AL_HUGE_MIDDLE_NAME'),
    ('PROMOTION_CLASS_AL_HUGE_LARGE', 'LOC_PROMOTION_CLASS_AL_HUGE_LARGE_NAME'),
    ('PROMOTION_CLASS_AL_HUGE_GIGANT', 'LOC_PROMOTION_CLASS_AL_HUGE_GIGANT_NAME'),
    ('PROMOTION_CLASS_AL_HUGE_ULTRA', 'LOC_PROMOTION_CLASS_AL_HUGE_ULTRA_NAME');

INSERT INTO UnitPromotions
(UnitPromotionType, Name, Description, Level, Specialization, Column, PromotionClass) VALUES
    ('PROMOTION_AL_HUGE_SMALL_1', 'LOC_PROMOTION_AL_HUGE_SMALL_1_NAME', 'LOC_PROMOTION_AL_HUGE_SMALL_1_DESCRIPTION', 1, NULL, 2, 'PROMOTION_CLASS_AL_HUGE_SMALL'),
    ('PROMOTION_AL_HUGE_MIDDLE_1', 'LOC_PROMOTION_AL_HUGE_MIDDLE_1_NAME', 'LOC_PROMOTION_AL_HUGE_MIDDLE_1_DESCRIPTION', 1, NULL, 2, 'PROMOTION_CLASS_AL_HUGE_MIDDLE'),
    ('PROMOTION_AL_HUGE_LARGE_1', 'LOC_PROMOTION_AL_HUGE_LARGE_1_NAME', 'LOC_PROMOTION_AL_HUGE_LARGE_1_DESCRIPTION', 1, NULL, 2, 'PROMOTION_CLASS_AL_HUGE_LARGE'),
    ('PROMOTION_AL_HUGE_GIGANT_1', 'LOC_PROMOTION_AL_HUGE_GIGANT_1_NAME', 'LOC_PROMOTION_AL_HUGE_GIGANT_1_DESCRIPTION', 1, NULL, 2, 'PROMOTION_CLASS_AL_HUGE_GIGANT'),
    ('PROMOTION_AL_HUGE_ULTRA_1', 'LOC_PROMOTION_AL_HUGE_ULTRA_1_NAME', 'LOC_PROMOTION_AL_HUGE_ULTRA_1_DESCRIPTION', 1, NULL, 2, 'PROMOTION_CLASS_AL_HUGE_ULTRA');

INSERT INTO Tags
(Tag, Vocabulary) VALUES
--ancient
    ('CLASS_AL_HUGE', 'ABILITY_CLASS'),
    ('CLASS_AL_HUGE_SMALL', 'ABILITY_CLASS'),
    ('CLASS_AL_HUGE_SMALL_NAVAL', 'ABILITY_CLASS'),
    ('CLASS_AL_HUGE_MIDDLE_NAVAL', 'ABILITY_CLASS'),
    ('CLASS_AL_HUGE_LARGE_NAVAL', 'ABILITY_CLASS'),
    ('CLASS_AL_HUGE_GIGANT_NAVAL', 'ABILITY_CLASS'),
    ('CLASS_AL_HUGE_ULTRA_NAVAL', 'ABILITY_CLASS'),
    ('CLASS_AL_HUGE_MIDDLE', 'ABILITY_CLASS'),
    ('CLASS_AL_HUGE_LARGE', 'ABILITY_CLASS'),
    ('CLASS_AL_HUGE_GIGANT', 'ABILITY_CLASS'),
    ('CLASS_AL_HUGE_ULTRA', 'ABILITY_CLASS'),
    ('CLASS_AL_HUGE_SUPER', 'ABILITY_CLASS'),
    ('CLASS_AL_HUGE_SUPER_GIGANT', 'ABILITY_CLASS'),
    ('CLASS_AL_HUGE_YURI', 'ABILITY_CLASS'),
    ('CLASS_AL_HUGE_SUPER_ULTRA', 'ABILITY_CLASS');

INSERT INTO TypeTags
(Type, Tag) VALUES
    --ability
    ('ABILITY_AL_HUGE_BELONGS_TO_PLAYER', 'CLASS_AL_HUGE'),

    ('ABILITY_AL_HUGE_UPDATE_MEDIEVAL', 'CLASS_AL_HUGE'),
    ('ABILITY_AL_HUGE_UPDATE_RENAISSANCE', 'CLASS_AL_HUGE'),
    ('ABILITY_AL_HUGE_UPDATE_INDUSTRIAL', 'CLASS_AL_HUGE'),
    ('ABILITY_AL_HUGE_UPDATE_MODERN', 'CLASS_AL_HUGE'),
    ('ABILITY_AL_HUGE_UPDATE_ATOMIC', 'CLASS_AL_HUGE'),
    ('ABILITY_AL_HUGE_UPDATE_INFORMATION', 'CLASS_AL_HUGE'),
    ('ABILITY_AL_HUGE_UPDATE_FUTURE', 'CLASS_AL_HUGE'),

    --sea
    ('UNIT_AL_HUGE_SMALL_ANCIENT_SEA', 'CLASS_AL_HUGE_SMALL_NAVAL'),
    ('UNIT_AL_HUGE_SMALL_ANCIENT_SEA', 'CLASS_AL_HUGE'),
    ('UNIT_AL_HUGE_MIDDLE_ANCIENT_SEA', 'CLASS_AL_HUGE_MIDDLE_NAVAL'),
    ('UNIT_AL_HUGE_MIDDLE_ANCIENT_SEA', 'CLASS_AL_HUGE'),
    ('UNIT_AL_HUGE_LARGE_ANCIENT_SEA', 'CLASS_AL_HUGE_LARGE_NAVAL'),
    ('UNIT_AL_HUGE_LARGE_ANCIENT_SEA', 'CLASS_AL_HUGE'),
    ('UNIT_AL_HUGE_GIGANT_ANCIENT_SEA', 'CLASS_AL_HUGE_GIGANT_NAVAL'),
    ('UNIT_AL_HUGE_GIGANT_ANCIENT_SEA', 'CLASS_AL_HUGE'),
    ('UNIT_AL_HUGE_ULTRA_ANCIENT_SEA', 'CLASS_AL_HUGE_ULTRA_NAVAL'),
    ('UNIT_AL_HUGE_ULTRA_ANCIENT_SEA', 'CLASS_AL_HUGE'),

    --land
    ('UNIT_AL_HUGE_SMALL_ANCIENT', 'CLASS_AL_HUGE_SMALL'),
    ('UNIT_AL_HUGE_MIDDLE_ANCIENT', 'CLASS_AL_HUGE_MIDDLE'),
    ('UNIT_AL_HUGE_LARGE_ANCIENT', 'CLASS_AL_HUGE_LARGE'),
    ('UNIT_AL_HUGE_GIGANT_ANCIENT', 'CLASS_AL_HUGE_GIGANT'),
    ('UNIT_AL_HUGE_ULTRA_ANCIENT', 'CLASS_AL_HUGE_ULTRA'),
    ('UNIT_AL_HUGE_SMALL_ANCIENT', 'CLASS_AL_HUGE'),
    ('UNIT_AL_HUGE_MIDDLE_ANCIENT', 'CLASS_AL_HUGE'),
    ('UNIT_AL_HUGE_LARGE_ANCIENT', 'CLASS_AL_HUGE'),
    ('UNIT_AL_HUGE_GIGANT_ANCIENT', 'CLASS_AL_HUGE'),
    ('UNIT_AL_HUGE_ULTRA_ANCIENT', 'CLASS_AL_HUGE'),
    
    ('UNIT_AL_HUGE_GIGANT_SUPER', 'CLASS_AL_HUGE'),
    ('UNIT_AL_HUGE_ULTRA_SUPER', 'CLASS_AL_HUGE'),
    ('UNIT_AL_HUGE_GIGANT_SUPER', 'CLASS_AL_HUGE_GIGANT'),
    ('UNIT_AL_HUGE_ULTRA_SUPER', 'CLASS_AL_HUGE_ULTRA'),
    ('UNIT_AL_HUGE_GIGANT_SUPER', 'CLASS_AL_HUGE_SUPER_GIGANT'),
    ('UNIT_AL_HUGE_ULTRA_SUPER', 'CLASS_AL_HUGE_SUPER_ULTRA'),

    ('UNIT_AL_HUGE_YURI', 'CLASS_AL_HUGE'),
    ('UNIT_AL_HUGE_YURI', 'CLASS_AL_HUGE_YURI'),
    
    ('ABILITY_IGNORE_TERRAIN_COST', 'CLASS_AL_HUGE_SUPER_ULTRA'),
    ('ABILITY_IGNORE_TERRAIN_COST', 'CLASS_AL_HUGE_SUPER_GIGANT'),
    ('ABILITY_IGNORE_CROSSING_RIVERS_COST', 'CLASS_AL_HUGE_SUPER_ULTRA'),
    ('ABILITY_IGNORE_CROSSING_RIVERS_COST', 'CLASS_AL_HUGE_SUPER_GIGANT');
-- small = recon | middle = range | large = melee | gigant = cavalry | ultra = siege
INSERT INTO Units
(UnitType, BaseMoves, Cost, AdvisorType, BaseSightRange, ZoneOfControl, Domain, FormationClass,
Name, Description, PurchaseYield, PromotionClass, Combat, TraitType, RangedCombat, Range, MandatoryObsoleteTech, PrereqTech) VALUES
--SEA
    ('UNIT_AL_HUGE_SMALL_ANCIENT_SEA', 5, 30, 'ADVISOR_CONQUEST', 4, 1, 'DOMAIN_SEA', 'FORMATION_CLASS_NAVAL', 'LOC_UNIT_AL_HUGE_SMALL_ANCIENT_NAME',
    'LOC_UNIT_AL_HUGE_SMALL_ANCIENT_DESCRIPTION', 'YIELD_GOLD', 'PROMOTION_CLASS_AL_HUGE_SMALL', 25, 'TRAIT_BARBARIAN_BUT_SHOWS_UP_IN_PEDIA', 20, 1, NULL, NULL),

    ('UNIT_AL_HUGE_MIDDLE_ANCIENT_SEA', 5, 30, 'ADVISOR_CONQUEST', 3, 1, 'DOMAIN_SEA', 'FORMATION_CLASS_NAVAL', 'LOC_UNIT_AL_HUGE_MIDDLE_ANCIENT_NAME',
    'LOC_UNIT_AL_HUGE_MIDDLE_ANCIENT_DESCRIPTION', 'YIELD_GOLD', 'PROMOTION_CLASS_AL_HUGE_MIDDLE', 30, 'TRAIT_BARBARIAN_BUT_SHOWS_UP_IN_PEDIA', 30, 1, NULL, NULL),

    ('UNIT_AL_HUGE_LARGE_ANCIENT_SEA', 4, 30, 'ADVISOR_CONQUEST', 3, 1, 'DOMAIN_SEA', 'FORMATION_CLASS_NAVAL', 'LOC_UNIT_AL_HUGE_LARGE_ANCIENT_NAME',
    'LOC_UNIT_AL_HUGE_LARGE_ANCIENT_DESCRIPTION', 'YIELD_GOLD', 'PROMOTION_CLASS_AL_HUGE_LARGE', 35, 'TRAIT_BARBARIAN_BUT_SHOWS_UP_IN_PEDIA', 30, 2, NULL, NULL),

    ('UNIT_AL_HUGE_GIGANT_ANCIENT_SEA', 4, 30, 'ADVISOR_CONQUEST', 4, 1, 'DOMAIN_SEA', 'FORMATION_CLASS_NAVAL', 'LOC_UNIT_AL_HUGE_GIGANT_ANCIENT_NAME',
    'LOC_UNIT_AL_HUGE_GIGANT_ANCIENT_DESCRIPTION', 'YIELD_GOLD', 'PROMOTION_CLASS_AL_HUGE_GIGANT', 45, 'TRAIT_BARBARIAN_BUT_SHOWS_UP_IN_PEDIA', 40, 2, NULL, NULL),

    ('UNIT_AL_HUGE_ULTRA_ANCIENT_SEA', 4, 30, 'ADVISOR_CONQUEST', 4, 1, 'DOMAIN_SEA', 'FORMATION_CLASS_NAVAL', 'LOC_UNIT_AL_HUGE_ULTRA_ANCIENT_NAME',
    'LOC_UNIT_AL_HUGE_ULTRA_ANCIENT_DESCRIPTION', 'YIELD_GOLD', 'PROMOTION_CLASS_AL_HUGE_ULTRA', 55, 'TRAIT_BARBARIAN_BUT_SHOWS_UP_IN_PEDIA', 50, 3, NULL, NULL),
--Land
    ('UNIT_AL_HUGE_SMALL_ANCIENT', 3, 30, 'ADVISOR_CONQUEST', 4, 1, 'DOMAIN_LAND', 'FORMATION_CLASS_LAND_COMBAT', 'LOC_UNIT_AL_HUGE_SMALL_ANCIENT_NAME',
    'LOC_UNIT_AL_HUGE_SMALL_ANCIENT_DESCRIPTION', 'YIELD_GOLD', 'PROMOTION_CLASS_AL_HUGE_SMALL', 25, 'TRAIT_BARBARIAN_BUT_SHOWS_UP_IN_PEDIA', 20, 1, NULL, NULL),

    ('UNIT_AL_HUGE_MIDDLE_ANCIENT', 4, 35, 'ADVISOR_CONQUEST', 3, 1, 'DOMAIN_LAND', 'FORMATION_CLASS_LAND_COMBAT', 'LOC_UNIT_AL_HUGE_MIDDLE_ANCIENT_NAME',
    'LOC_UNIT_AL_HUGE_MIDDLE_ANCIENT_DESCRIPTION', 'YIELD_GOLD', 'PROMOTION_CLASS_AL_HUGE_MIDDLE', 30, 'TRAIT_BARBARIAN_BUT_SHOWS_UP_IN_PEDIA', 30, 1, NULL, NULL),

    ('UNIT_AL_HUGE_LARGE_ANCIENT', 2, 40, 'ADVISOR_CONQUEST', 3, 1, 'DOMAIN_LAND', 'FORMATION_CLASS_LAND_COMBAT', 'LOC_UNIT_AL_HUGE_LARGE_ANCIENT_NAME',
    'LOC_UNIT_AL_HUGE_LARGE_ANCIENT_DESCRIPTION', 'YIELD_GOLD', 'PROMOTION_CLASS_AL_HUGE_LARGE', 40, 'TRAIT_BARBARIAN_BUT_SHOWS_UP_IN_PEDIA', 35, 2, NULL, NULL),

    ('UNIT_AL_HUGE_GIGANT_ANCIENT', 2, 50, 'ADVISOR_CONQUEST', 4, 1, 'DOMAIN_LAND', 'FORMATION_CLASS_LAND_COMBAT', 'LOC_UNIT_AL_HUGE_GIGANT_ANCIENT_NAME',
    'LOC_UNIT_AL_HUGE_GIGANT_ANCIENT_DESCRIPTION', 'YIELD_GOLD', 'PROMOTION_CLASS_AL_HUGE_GIGANT', 45, 'TRAIT_BARBARIAN_BUT_SHOWS_UP_IN_PEDIA', 40, 2, NULL, NULL),

    ('UNIT_AL_HUGE_ULTRA_ANCIENT', 2, 60, 'ADVISOR_CONQUEST', 5, 1, 'DOMAIN_LAND', 'FORMATION_CLASS_LAND_COMBAT', 'LOC_UNIT_AL_HUGE_LARGE_ANCIENT_NAME',
    'LOC_UNIT_AL_HUGE_LARGE_ANCIENT_DESCRIPTION', 'YIELD_GOLD', 'PROMOTION_CLASS_AL_HUGE_ULTRA', 55, 'TRAIT_BARBARIAN_BUT_SHOWS_UP_IN_PEDIA', 50, 3, NULL, NULL),
    
    ('UNIT_AL_HUGE_GIGANT_SUPER', 10, 500, 'ADVISOR_CONQUEST', 4, 1, 'DOMAIN_LAND', 'FORMATION_CLASS_LAND_COMBAT', 'LOC_UNIT_AL_HUGE_GIGANT_SUPER_NAME',
    'LOC_UNIT_AL_HUGE_GIGANT_ANCIENT_DESCRIPTION', 'YIELD_GOLD', 'PROMOTION_CLASS_AL_HUGE_GIGANT', 50, 'TRAIT_BARBARIAN_BUT_SHOWS_UP_IN_PEDIA', 45, 3, NULL, NULL),

    ('UNIT_AL_HUGE_YURI', 2, 500, 'ADVISOR_CONQUEST', 4, 1, 'DOMAIN_LAND', 'FORMATION_CLASS_LAND_COMBAT', 'LOC_UNIT_AL_HUGE_YURI_NAME',
    'LOC_UNIT_AL_HUGE_GIGANT_ANCIENT_DESCRIPTION', 'YIELD_GOLD', 'PROMOTION_CLASS_AL_HUGE_GIGANT', 85, 'TRAIT_BARBARIAN_BUT_SHOWS_UP_IN_PEDIA', 90, 3, NULL, NULL),

    ('UNIT_AL_HUGE_ULTRA_SUPER', 2, 600, 'ADVISOR_CONQUEST', 5, 1, 'DOMAIN_LAND', 'FORMATION_CLASS_LAND_COMBAT', 'LOC_UNIT_AL_HUGE_ULTRA_SUPER_NAME',
    'LOC_UNIT_AL_HUGE_ULTRA_ANCIENT_DESCRIPTION', 'YIELD_GOLD', 'PROMOTION_CLASS_AL_HUGE_ULTRA', 60, 'TRAIT_BARBARIAN_BUT_SHOWS_UP_IN_PEDIA', 55, 4, NULL, NULL);

INSERT INTO UnitAiInfos
(UnitType, AiType) VALUES
    ('UNIT_AL_HUGE_SMALL_ANCIENT_SEA', 'UNITAI_COMBAT'),
    ('UNIT_AL_HUGE_SMALL_ANCIENT_SEA', 'UNITTYPE_RANGED'),
    ('UNIT_AL_HUGE_SMALL_ANCIENT_SEA', 'UNITTYPE_NAVAL'),
    ('UNIT_AL_HUGE_MIDDLE_ANCIENT_SEA', 'UNITAI_COMBAT'),
    ('UNIT_AL_HUGE_MIDDLE_ANCIENT_SEA', 'UNITTYPE_RANGED'),
    ('UNIT_AL_HUGE_MIDDLE_ANCIENT_SEA', 'UNITTYPE_NAVAL'),
    ('UNIT_AL_HUGE_LARGE_ANCIENT_SEA', 'UNITAI_COMBAT'),
    ('UNIT_AL_HUGE_LARGE_ANCIENT_SEA', 'UNITTYPE_RANGED'),
    ('UNIT_AL_HUGE_LARGE_ANCIENT_SEA', 'UNITTYPE_NAVAL'),
    ('UNIT_AL_HUGE_GIGANT_ANCIENT_SEA', 'UNITAI_COMBAT'),
    ('UNIT_AL_HUGE_GIGANT_ANCIENT_SEA', 'UNITTYPE_RANGED'),
    ('UNIT_AL_HUGE_GIGANT_ANCIENT_SEA', 'UNITTYPE_NAVAL'),
    ('UNIT_AL_HUGE_GIGANT_ANCIENT_SEA', 'UNITTYPE_SIEGE'),
    ('UNIT_AL_HUGE_ULTRA_ANCIENT_SEA', 'UNITAI_COMBAT'),
    ('UNIT_AL_HUGE_ULTRA_ANCIENT_SEA', 'UNITTYPE_RANGED'),
    ('UNIT_AL_HUGE_ULTRA_ANCIENT_SEA', 'UNITTYPE_NAVAL'),
    ('UNIT_AL_HUGE_ULTRA_ANCIENT_SEA', 'UNITTYPE_SIEGE'),


    ('UNIT_AL_HUGE_SMALL_ANCIENT', 'UNITAI_COMBAT'),
    ('UNIT_AL_HUGE_SMALL_ANCIENT', 'UNITAI_EXPLORE'),
    ('UNIT_AL_HUGE_SMALL_ANCIENT', 'UNITTYPE_LAND_COMBAT'),
    ('UNIT_AL_HUGE_SMALL_ANCIENT', 'UNITTYPE_RANGED'),
    ('UNIT_AL_HUGE_MIDDLE_ANCIENT', 'UNITTYPE_LAND_COMBAT'),
    ('UNIT_AL_HUGE_MIDDLE_ANCIENT', 'UNITAI_EXPLORE'),
    ('UNIT_AL_HUGE_MIDDLE_ANCIENT', 'UNITTYPE_RANGED'),
    ('UNIT_AL_HUGE_MIDDLE_ANCIENT', 'UNITTYPE_CAVALRY'),
    ('UNIT_AL_HUGE_MIDDLE_ANCIENT', 'UNITAI_COMBAT'),
    ('UNIT_AL_HUGE_LARGE_ANCIENT', 'UNITAI_COMBAT'),
    ('UNIT_AL_HUGE_LARGE_ANCIENT', 'UNITTYPE_RANGED'),
    ('UNIT_AL_HUGE_LARGE_ANCIENT', 'UNITTYPE_LAND_COMBAT'),
    ('UNIT_AL_HUGE_GIGANT_ANCIENT', 'UNITAI_COMBAT'),
    ('UNIT_AL_HUGE_GIGANT_ANCIENT', 'UNITTYPE_RANGED'),
    ('UNIT_AL_HUGE_GIGANT_ANCIENT', 'UNITTYPE_LAND_COMBAT'),
    ('UNIT_AL_HUGE_ULTRA_ANCIENT', 'UNITAI_COMBAT'),
    ('UNIT_AL_HUGE_ULTRA_ANCIENT', 'UNITTYPE_RANGED'),
    ('UNIT_AL_HUGE_ULTRA_ANCIENT', 'UNITTYPE_LAND_COMBAT'),

    ('UNIT_AL_HUGE_GIGANT_ANCIENT', 'UNITTYPE_SIEGE'),
    ('UNIT_AL_HUGE_ULTRA_ANCIENT', 'UNITTYPE_SIEGE'),
    ('UNIT_AL_HUGE_ULTRA_SUPER', 'UNITTYPE_SIEGE'),
    ('UNIT_AL_HUGE_GIGANT_SUPER', 'UNITTYPE_SIEGE'),
    
    ('UNIT_AL_HUGE_GIGANT_SUPER', 'UNITAI_EXPLORE'),
    ('UNIT_AL_HUGE_GIGANT_SUPER', 'UNITTYPE_RANGED'),
    ('UNIT_AL_HUGE_GIGANT_SUPER', 'UNITAI_COMBAT'),
    ('UNIT_AL_HUGE_ULTRA_SUPER', 'UNITTYPE_LAND_COMBAT'),
    ('UNIT_AL_HUGE_ULTRA_SUPER', 'UNITTYPE_RANGED'),
    ('UNIT_AL_HUGE_ULTRA_SUPER', 'UNITAI_COMBAT'),
    
    ('UNIT_AL_HUGE_YURI', 'UNITTYPE_LAND_COMBAT'),
    ('UNIT_AL_HUGE_YURI', 'UNITTYPE_RANGED'),
    ('UNIT_AL_HUGE_YURI', 'UNITAI_COMBAT');

INSERT INTO BarbarianTribes
(TribeType, IsCoastal, PercentRangedUnits, TurnsToWarriorSpawn, ScoutTag, MeleeTag, 
RangedTag, SiegeTag, DefenderTag, ScoutingBehaviorTree, RaidingBehaviorTree, 
RaidingBoldness, CityAttackOperation, CityAttackBoldness, Name) VALUES
    ('TRIBE_AL_CAVE_LARGE', '0', 50, 10, 'CLASS_AL_HUGE_MIDDLE', 'CLASS_AL_HUGE_MIDDLE',
    'CLASS_AL_HUGE_SMALL', 'CLASS_AL_HUGE_LARGE', 'CLASS_AL_HUGE_LARGE', 'Barbarian Found City', 'Barbarian Attack',
    100, 'Barbarian City Assault', 100, 'LOC_TRIBE_AL_CAVE_LARGE_NAME'),

    ('TRIBE_AL_CAVE_GIGANT', '0', 50, 10, 'CLASS_AL_HUGE_MIDDLE', 'CLASS_AL_HUGE_LARGE',
    'CLASS_AL_HUGE_SMALL', 'CLASS_AL_HUGE_GIGANT', 'CLASS_AL_HUGE_GIGANT', 'Barbarian Found City', 'Barbarian Attack',
    100, 'Barbarian City Assault', 100, 'LOC_TRIBE_AL_CAVE_GIGANT_NAME'),

    ('TRIBE_AL_CAVE_ULTRA', '0', 50, 10, 'CLASS_AL_HUGE_SMALL', 'CLASS_AL_HUGE_LARGE',
    'CLASS_AL_HUGE_MIDDLE', 'CLASS_AL_HUGE_GIGANT', 'CLASS_AL_HUGE_ULTRA', 'Barbarian Found City', 'Barbarian Attack',
    100, 'Barbarian City Assault', 100, 'LOC_TRIBE_AL_CAVE_ULTRA_NAME'),

    ('TRIBE_AL_NEST_GIGANT', 1, 50, 15, 'CLASS_AL_HUGE_MIDDLE', 'CLASS_AL_HUGE_LARGE',
    'CLASS_AL_HUGE_SMALL', 'CLASS_AL_HUGE_GIGANT', 'CLASS_AL_HUGE_GIGANT', 'Barbarian Found City', 'Barbarian Attack',
    10, 'Barbarian City Assault', 25, 'LOC_TRIBE_AL_CAVE_ULTRA_NAME'),

    ('TRIBE_AL_NEST_GIGANT_SEA', 1, 50, 15, 'CLASS_AL_HUGE_MIDDLE_NAVAL', 'CLASS_AL_HUGE_LARGE_NAVAL',
    'CLASS_AL_HUGE_SMALL_NAVAL', 'CLASS_AL_HUGE_GIGANT_NAVAL', 'CLASS_AL_HUGE_GIGANT', 'Barbarian Found City', 'Barbarian Attack',
    10, 'Barbarian City Assault', 25, 'LOC_TRIBE_AL_NEST_GIGANT_NAME'),
    
    ('TRIBE_AL_NEST_SUPER', 0, 25, 25, 'CLASS_AL_HUGE_SMALL', 'CLASS_AL_HUGE_MIDDLE',
    'CLASS_AL_HUGE_LARGE', 'CLASS_AL_HUGE_SUPER_GIGANT', 'CLASS_AL_HUGE_SUPER_ULTRA', 'Barbarian Found City', 'Barbarian Attack',
    10, 'Barbarian City Assault', 25, 'LOC_TRIBE_AL_NEST_GIGANT_NAME'),
    
    ('TRIBE_AL_NEST_YURI', 0, 0, -1, 'CLASS_AL_HUGE_YURI', 'CLASS_AL_HUGE_YURI',
    'CLASS_AL_HUGE_YURI', 'CLASS_AL_HUGE_YURI', 'CLASS_AL_HUGE_YURI', 'Barbarian Found City', 'Barbarian Attack',
    10, 'Barbarian City Assault', 25, 'LOC_TRIBE_AL_NEST_GIGANT_NAME');

INSERT INTO BarbarianTribeNames
(TribeNameType, TribeType, TribeDisplayName) VALUES
    ('BARBARIAN_AL_NEST_YURI', 'TRIBE_AL_NEST_YURI', 'LOC_BARBARIAN_AL_NEST_SUPER_1_NAME'),

    ('BARBARIAN_AL_NEST_SUPER_1', 'TRIBE_AL_NEST_SUPER', 'LOC_BARBARIAN_AL_NEST_SUPER_1_NAME'),
    ('BARBARIAN_AL_NEST_SUPER_2', 'TRIBE_AL_NEST_SUPER', 'LOC_BARBARIAN_AL_NEST_SUPER_2_NAME'),
    ('BARBARIAN_AL_NEST_SUPER_3', 'TRIBE_AL_NEST_SUPER', 'LOC_BARBARIAN_AL_NEST_SUPER_3_NAME'),

    ('BARBARIAN_AL_CAVE_LARGE_1', 'TRIBE_AL_CAVE_LARGE', 'LOC_BARBARIAN_AL_CAVE_LARGE_1_NAME'),
    ('BARBARIAN_AL_CAVE_LARGE_2', 'TRIBE_AL_CAVE_LARGE', 'LOC_BARBARIAN_AL_CAVE_LARGE_2_NAME'),
    ('BARBARIAN_AL_CAVE_LARGE_3', 'TRIBE_AL_CAVE_LARGE', 'LOC_BARBARIAN_AL_CAVE_LARGE_3_NAME'),
    ('BARBARIAN_AL_CAVE_LARGE_4', 'TRIBE_AL_CAVE_LARGE', 'LOC_BARBARIAN_AL_CAVE_LARGE_4_NAME'),
    ('BARBARIAN_AL_CAVE_LARGE_5', 'TRIBE_AL_CAVE_LARGE', 'LOC_BARBARIAN_AL_CAVE_LARGE_5_NAME'),
    ('BARBARIAN_AL_CAVE_LARGE_6', 'TRIBE_AL_CAVE_LARGE', 'LOC_BARBARIAN_AL_CAVE_LARGE_6_NAME'),
    ('BARBARIAN_AL_CAVE_LARGE_7', 'TRIBE_AL_CAVE_LARGE', 'LOC_BARBARIAN_AL_CAVE_LARGE_7_NAME'),
    ('BARBARIAN_AL_CAVE_LARGE_8', 'TRIBE_AL_CAVE_LARGE', 'LOC_BARBARIAN_AL_CAVE_LARGE_8_NAME'),
    ('BARBARIAN_AL_CAVE_LARGE_9', 'TRIBE_AL_CAVE_LARGE', 'LOC_BARBARIAN_AL_CAVE_LARGE_9_NAME'),

    ('BARBARIAN_AL_CAVE_GIGANT_1', 'TRIBE_AL_CAVE_GIGANT', 'LOC_BARBARIAN_AL_CAVE_GIGANT_1_NAME'),
    ('BARBARIAN_AL_CAVE_GIGANT_2', 'TRIBE_AL_CAVE_GIGANT', 'LOC_BARBARIAN_AL_CAVE_GIGANT_2_NAME'),
    ('BARBARIAN_AL_CAVE_GIGANT_3', 'TRIBE_AL_CAVE_GIGANT', 'LOC_BARBARIAN_AL_CAVE_GIGANT_3_NAME'),
    ('BARBARIAN_AL_CAVE_GIGANT_4', 'TRIBE_AL_CAVE_GIGANT', 'LOC_BARBARIAN_AL_CAVE_GIGANT_4_NAME'),
    ('BARBARIAN_AL_CAVE_GIGANT_5', 'TRIBE_AL_CAVE_GIGANT', 'LOC_BARBARIAN_AL_CAVE_GIGANT_5_NAME'),
    ('BARBARIAN_AL_CAVE_GIGANT_6', 'TRIBE_AL_CAVE_GIGANT', 'LOC_BARBARIAN_AL_CAVE_GIGANT_6_NAME'),
    ('BARBARIAN_AL_CAVE_GIGANT_7', 'TRIBE_AL_CAVE_GIGANT', 'LOC_BARBARIAN_AL_CAVE_GIGANT_7_NAME'),
    ('BARBARIAN_AL_CAVE_GIGANT_8', 'TRIBE_AL_CAVE_GIGANT', 'LOC_BARBARIAN_AL_CAVE_GIGANT_8_NAME'),
    ('BARBARIAN_AL_CAVE_GIGANT_9', 'TRIBE_AL_CAVE_GIGANT', 'LOC_BARBARIAN_AL_CAVE_GIGANT_9_NAME'),

    ('BARBARIAN_AL_CAVE_ULTRA_1', 'TRIBE_AL_CAVE_ULTRA', 'LOC_BARBARIAN_AL_CAVE_ULTRA_1_NAME'),
    ('BARBARIAN_AL_CAVE_ULTRA_2', 'TRIBE_AL_CAVE_ULTRA', 'LOC_BARBARIAN_AL_CAVE_ULTRA_2_NAME'),
    ('BARBARIAN_AL_CAVE_ULTRA_3', 'TRIBE_AL_CAVE_ULTRA', 'LOC_BARBARIAN_AL_CAVE_ULTRA_3_NAME'),
    ('BARBARIAN_AL_CAVE_ULTRA_4', 'TRIBE_AL_CAVE_ULTRA', 'LOC_BARBARIAN_AL_CAVE_ULTRA_4_NAME'),
    ('BARBARIAN_AL_CAVE_ULTRA_5', 'TRIBE_AL_CAVE_ULTRA', 'LOC_BARBARIAN_AL_CAVE_ULTRA_5_NAME'),
    ('BARBARIAN_AL_CAVE_ULTRA_6', 'TRIBE_AL_CAVE_ULTRA', 'LOC_BARBARIAN_AL_CAVE_ULTRA_6_NAME'),
    ('BARBARIAN_AL_CAVE_ULTRA_7', 'TRIBE_AL_CAVE_ULTRA', 'LOC_BARBARIAN_AL_CAVE_ULTRA_7_NAME'),
    ('BARBARIAN_AL_CAVE_ULTRA_8', 'TRIBE_AL_CAVE_ULTRA', 'LOC_BARBARIAN_AL_CAVE_ULTRA_8_NAME'),
    ('BARBARIAN_AL_CAVE_ULTRA_9', 'TRIBE_AL_CAVE_ULTRA', 'LOC_BARBARIAN_AL_CAVE_ULTRA_9_NAME'),

    ('BARBARIAN_AL_NEST_GIGANT_1', 'TRIBE_AL_NEST_GIGANT', 'LOC_BARBARIAN_AL_NEST_GIGANT_1_NAME'),
    ('BARBARIAN_AL_NEST_GIGANT_2', 'TRIBE_AL_NEST_GIGANT', 'LOC_BARBARIAN_AL_NEST_GIGANT_2_NAME'),
    ('BARBARIAN_AL_NEST_GIGANT_3', 'TRIBE_AL_NEST_GIGANT', 'LOC_BARBARIAN_AL_NEST_GIGANT_3_NAME'),
    ('BARBARIAN_AL_NEST_GIGANT_4', 'TRIBE_AL_NEST_GIGANT', 'LOC_BARBARIAN_AL_NEST_GIGANT_4_NAME'),
    ('BARBARIAN_AL_NEST_GIGANT_5', 'TRIBE_AL_NEST_GIGANT', 'LOC_BARBARIAN_AL_NEST_GIGANT_5_NAME'),
    ('BARBARIAN_AL_NEST_GIGANT_6', 'TRIBE_AL_NEST_GIGANT', 'LOC_BARBARIAN_AL_NEST_GIGANT_6_NAME'),
    ('BARBARIAN_AL_NEST_GIGANT_7', 'TRIBE_AL_NEST_GIGANT', 'LOC_BARBARIAN_AL_NEST_GIGANT_7_NAME'),
    ('BARBARIAN_AL_NEST_GIGANT_8', 'TRIBE_AL_NEST_GIGANT', 'LOC_BARBARIAN_AL_NEST_GIGANT_8_NAME'),
    ('BARBARIAN_AL_NEST_GIGANT_9', 'TRIBE_AL_NEST_GIGANT', 'LOC_BARBARIAN_AL_NEST_GIGANT_9_NAME'),

    ('BARBARIAN_AL_NEST_GIGANT_SEA_1', 'TRIBE_AL_NEST_GIGANT_SEA', 'LOC_BARBARIAN_AL_NEST_GIGANT_SEA_1_NAME'),
    ('BARBARIAN_AL_NEST_GIGANT_SEA_2', 'TRIBE_AL_NEST_GIGANT_SEA', 'LOC_BARBARIAN_AL_NEST_GIGANT_SEA_2_NAME'),
    ('BARBARIAN_AL_NEST_GIGANT_SEA_3', 'TRIBE_AL_NEST_GIGANT_SEA', 'LOC_BARBARIAN_AL_NEST_GIGANT_SEA_3_NAME'),
    ('BARBARIAN_AL_NEST_GIGANT_SEA_4', 'TRIBE_AL_NEST_GIGANT_SEA', 'LOC_BARBARIAN_AL_NEST_GIGANT_SEA_4_NAME'),
    ('BARBARIAN_AL_NEST_GIGANT_SEA_5', 'TRIBE_AL_NEST_GIGANT_SEA', 'LOC_BARBARIAN_AL_NEST_GIGANT_SEA_5_NAME'),
    ('BARBARIAN_AL_NEST_GIGANT_SEA_6', 'TRIBE_AL_NEST_GIGANT_SEA', 'LOC_BARBARIAN_AL_NEST_GIGANT_SEA_6_NAME'),
    ('BARBARIAN_AL_NEST_GIGANT_SEA_7', 'TRIBE_AL_NEST_GIGANT_SEA', 'LOC_BARBARIAN_AL_NEST_GIGANT_SEA_7_NAME'),
    ('BARBARIAN_AL_NEST_GIGANT_SEA_8', 'TRIBE_AL_NEST_GIGANT_SEA', 'LOC_BARBARIAN_AL_NEST_GIGANT_SEA_8_NAME'),
    ('BARBARIAN_AL_NEST_GIGANT_SEA_9', 'TRIBE_AL_NEST_GIGANT_SEA', 'LOC_BARBARIAN_AL_NEST_GIGANT_SEA_9_NAME');

INSERT INTO BarbarianAttackForces
(AttackForceType, MaxTargetDifficulty, SpawnRate, MeleeTag, NumMeleeUnits,
RangeTag, NumRangeUnits, SiegeTag, NumSiegeUnits) VALUES
    ('LowDifficultyCaveLarge', 'DIFFICULTY_IMMORTAL', 3, 'CLASS_AL_HUGE_MIDDLE', 2,
    'CLASS_AL_HUGE_SMALL', 3, 'CLASS_AL_HUGE_LARGE', 1),
    ('LowDifficultyCaveGigant', 'DIFFICULTY_IMMORTAL', 2, 'CLASS_AL_HUGE_LARGE', 2,
    'CLASS_AL_HUGE_SMALL', 3, 'CLASS_AL_HUGE_GIGANT', 1),
    ('LowDifficultyCaveUltra', 'DIFFICULTY_IMMORTAL', 2, 'CLASS_AL_HUGE_LARGE', 2,
    'CLASS_AL_HUGE_MIDDLE', 3, 'CLASS_AL_HUGE_GIGANT', 1),
    ('LowDifficultyNestGigant', 'DIFFICULTY_IMMORTAL', 1, 'CLASS_AL_HUGE_LARGE', 4,
    'CLASS_AL_HUGE_SMALL', 6, 'CLASS_AL_HUGE_GIGANT', 2),
    ('LowDifficultyNestGigantSea', 'DIFFICULTY_IMMORTAL', 1, 'CLASS_AL_HUGE_LARGE_NAVAL', 4,
    'CLASS_AL_HUGE_SMALL_NAVAL', 6, 'CLASS_AL_HUGE_GIGANT_NAVAL', 2),
    ('LowDifficultyNestSuper', 'DIFFICULTY_IMMORTAL', 1, 'CLASS_AL_HUGE_MIDDLE', 1,
    'CLASS_AL_HUGE_LARGE', 1, 'CLASS_AL_HUGE_SUPER_GIGANT', 1),
    ('LowDifficultyNestYURI', 'DIFFICULTY_IMMORTAL', 1, 'CLASS_AL_HUGE_YURI', 0,
    'CLASS_AL_HUGE_YURI', 0, 'CLASS_AL_HUGE_YURI', 0);

INSERT INTO BarbarianTribeForces
(AttackForceType, TribeType) VALUES
    ('LowDifficultyCaveLarge', 'TRIBE_AL_CAVE_LARGE'),
    ('LowDifficultyCaveGigant', 'TRIBE_AL_CAVE_GIGANT'),
    ('LowDifficultyCaveUltra', 'TRIBE_AL_CAVE_ULTRA'),
    ('LowDifficultyNestGigant', 'TRIBE_AL_NEST_GIGANT'),
    ('LowDifficultyNestGigantSea', 'TRIBE_AL_NEST_GIGANT_SEA'),
    ('LowDifficultyNestYURI', 'TRIBE_AL_NEST_YURI'),
    ('LowDifficultyNestSuper', 'TRIBE_AL_NEST_SUPER');

INSERT INTO TraitModifiers
(TraitType, ModifierId) VALUES
    ('TRAIT_BARBARIAN_BUT_SHOWS_UP_IN_PEDIA','MOD_AL_HUGE_UPDATE_MEDIEVAL'),
    ('TRAIT_BARBARIAN_BUT_SHOWS_UP_IN_PEDIA','MOD_AL_HUGE_UPDATE_RENAISSANCE'),
    ('TRAIT_BARBARIAN_BUT_SHOWS_UP_IN_PEDIA','MOD_AL_HUGE_UPDATE_INDUSTRIAL'),
    ('TRAIT_BARBARIAN_BUT_SHOWS_UP_IN_PEDIA','MOD_AL_HUGE_UPDATE_MODERN'),
    ('TRAIT_BARBARIAN_BUT_SHOWS_UP_IN_PEDIA','MOD_AL_HUGE_UPDATE_ATOMIC'),
    ('TRAIT_BARBARIAN_BUT_SHOWS_UP_IN_PEDIA','MOD_AL_HUGE_UPDATE_INFORMATION'),
    ('TRAIT_BARBARIAN_BUT_SHOWS_UP_IN_PEDIA','MOD_AL_HUGE_UPDATE_FUTURE');

INSERT INTO Modifiers
(ModifierId, ModifierType, SubjectRequirementSetId, Permanent) VALUES
    ('MOD_AL_HUGE_UPDATE_MEDIEVAL', 'MODIFIER_PLAYER_UNITS_GRANT_ABILITY', 'REQSET_AL_HUGE_UPDATE_MEDIEVAL', 1),
    ('MOD_AL_HUGE_UPDATE_RENAISSANCE', 'MODIFIER_PLAYER_UNITS_GRANT_ABILITY', 'REQSET_AL_HUGE_UPDATE_RENAISSANCE', 1),
    ('MOD_AL_HUGE_UPDATE_INDUSTRIAL', 'MODIFIER_PLAYER_UNITS_GRANT_ABILITY', 'REQSET_AL_HUGE_UPDATE_INDUSTRIAL', 1),
    ('MOD_AL_HUGE_UPDATE_MODERN', 'MODIFIER_PLAYER_UNITS_GRANT_ABILITY', 'REQSET_AL_HUGE_UPDATE_MODERN', 1),
    ('MOD_AL_HUGE_UPDATE_FUTURE', 'MODIFIER_PLAYER_UNITS_GRANT_ABILITY', 'REQSET_AL_HUGE_UPDATE_FUTURE', 1),
    ('MOD_AL_HUGE_UPDATE_ATOMIC', 'MODIFIER_PLAYER_UNITS_GRANT_ABILITY', 'REQSET_AL_HUGE_UPDATE_ATOMIC', 1),
    ('MOD_AL_HUGE_UPDATE_INFORMATION', 'MODIFIER_PLAYER_UNITS_GRANT_ABILITY', 'REQSET_AL_HUGE_UPDATE_INFORMATION', 1),
    ('ABILITY_AL_HUGE_UPDATE_MEDIEVAL_BUFF', 'MODIFIER_UNIT_ADJUST_BASE_COMBAT_STRENGTH', NULL, 0),
    ('ABILITY_AL_HUGE_UPDATE_RENAISSANCE_BUFF', 'MODIFIER_UNIT_ADJUST_BASE_COMBAT_STRENGTH', NULL, 0),
    ('ABILITY_AL_HUGE_UPDATE_INDUSTRIAL_BUFF', 'MODIFIER_UNIT_ADJUST_BASE_COMBAT_STRENGTH', NULL, 0),
    ('ABILITY_AL_HUGE_UPDATE_MODERN_BUFF', 'MODIFIER_UNIT_ADJUST_BASE_COMBAT_STRENGTH', NULL, 0),
    ('ABILITY_AL_HUGE_UPDATE_ATOMIC_BUFF', 'MODIFIER_UNIT_ADJUST_BASE_COMBAT_STRENGTH', NULL, 0),
    ('ABILITY_AL_HUGE_UPDATE_INFORMATION_BUFF', 'MODIFIER_UNIT_ADJUST_BASE_COMBAT_STRENGTH', NULL, 0),
    ('ABILITY_AL_HUGE_UPDATE_FUTURE_BUFF', 'MODIFIER_UNIT_ADJUST_BASE_COMBAT_STRENGTH', NULL, 0),

    ('ABILITY_AL_HUGE_UPDATE_MEDIEVAL_BUFF2', 'MODIFIER_UNIT_ADJUST_COMBAT_STRENGTH', 'VOLLEY_REQUIREMENTS', 0),
    ('ABILITY_AL_HUGE_UPDATE_RENAISSANCE_BUFF2', 'MODIFIER_UNIT_ADJUST_COMBAT_STRENGTH', 'VOLLEY_REQUIREMENTS', 0),
    ('ABILITY_AL_HUGE_UPDATE_INDUSTRIAL_BUFF2', 'MODIFIER_UNIT_ADJUST_COMBAT_STRENGTH', 'VOLLEY_REQUIREMENTS', 0),
    ('ABILITY_AL_HUGE_UPDATE_MODERN_BUFF2', 'MODIFIER_UNIT_ADJUST_COMBAT_STRENGTH', 'VOLLEY_REQUIREMENTS', 0),
    ('ABILITY_AL_HUGE_UPDATE_ATOMIC_BUFF2', 'MODIFIER_UNIT_ADJUST_COMBAT_STRENGTH', 'VOLLEY_REQUIREMENTS', 0),
    ('ABILITY_AL_HUGE_UPDATE_INFORMATION_BUFF2', 'MODIFIER_UNIT_ADJUST_COMBAT_STRENGTH', 'VOLLEY_REQUIREMENTS', 0),
    ('ABILITY_AL_HUGE_UPDATE_FUTURE_BUFF2', 'MODIFIER_UNIT_ADJUST_COMBAT_STRENGTH', 'VOLLEY_REQUIREMENTS', 0),
    
    ('MOD_AL_HUGE_BELONGS_TO_PLAYER', 'MODIFIER_UNIT_ADJUST_COMBAT_STRENGTH', 'REQSET_AL_OWNER_IS_MAJOR', 0),
    ('MOD_AL_HUGE_BELONGS_TO_PLAYER_BASE', 'MODIFIER_UNIT_ADJUST_BASE_COMBAT_STRENGTH', 'REQSET_AL_OWNER_IS_MAJOR', 0);

INSERT INTO ModifierArguments
(ModifierId, Name, Value) VALUES
    ('MOD_AL_HUGE_UPDATE_MEDIEVAL', 'AbilityType', 'ABILITY_AL_HUGE_UPDATE_MEDIEVAL'),
    ('MOD_AL_HUGE_UPDATE_RENAISSANCE', 'AbilityType', 'ABILITY_AL_HUGE_UPDATE_RENAISSANCE'),
    ('MOD_AL_HUGE_UPDATE_INDUSTRIAL', 'AbilityType', 'ABILITY_AL_HUGE_UPDATE_INDUSTRIAL'),
    ('MOD_AL_HUGE_UPDATE_MODERN', 'AbilityType', 'ABILITY_AL_HUGE_UPDATE_MODERN'),
    ('MOD_AL_HUGE_UPDATE_ATOMIC', 'AbilityType', 'ABILITY_AL_HUGE_UPDATE_ATOMIC'),
    ('MOD_AL_HUGE_UPDATE_INFORMATION', 'AbilityType', 'ABILITY_AL_HUGE_UPDATE_INFORMATION'),
    ('MOD_AL_HUGE_UPDATE_FUTURE', 'AbilityType', 'ABILITY_AL_HUGE_UPDATE_FUTURE'),

    ('ABILITY_AL_HUGE_UPDATE_MEDIEVAL_BUFF', 'Amount', 10),
    ('ABILITY_AL_HUGE_UPDATE_RENAISSANCE_BUFF', 'Amount', 10),
    ('ABILITY_AL_HUGE_UPDATE_INDUSTRIAL_BUFF', 'Amount', 10),
    ('ABILITY_AL_HUGE_UPDATE_MODERN_BUFF', 'Amount', 10),
    ('ABILITY_AL_HUGE_UPDATE_ATOMIC_BUFF', 'Amount', 10),
    ('ABILITY_AL_HUGE_UPDATE_INFORMATION_BUFF', 'Amount', 10),
    ('ABILITY_AL_HUGE_UPDATE_FUTURE_BUFF', 'Amount', 10),
    
    ('ABILITY_AL_HUGE_UPDATE_MEDIEVAL_BUFF2', 'Amount', 5),
    ('ABILITY_AL_HUGE_UPDATE_RENAISSANCE_BUFF2', 'Amount', 5),
    ('ABILITY_AL_HUGE_UPDATE_INDUSTRIAL_BUFF2', 'Amount', 5),
    ('ABILITY_AL_HUGE_UPDATE_MODERN_BUFF2', 'Amount', 5),
    ('ABILITY_AL_HUGE_UPDATE_ATOMIC_BUFF2', 'Amount', 5),
    ('ABILITY_AL_HUGE_UPDATE_INFORMATION_BUFF2', 'Amount', 5),
    ('ABILITY_AL_HUGE_UPDATE_FUTURE_BUFF2', 'Amount', 5),
    
    ('MOD_AL_HUGE_BELONGS_TO_PLAYER', 'Amount', -99),
    ('MOD_AL_HUGE_BELONGS_TO_PLAYER_BASE', 'Amount', -99);

INSERT INTO RequirementSets
(RequirementSetId, RequirementSetType) VALUES
    ('REQSET_AL_HUGE_UPDATE_MEDIEVAL', 'REQUIREMENTSET_TEST_ALL'),
    ('REQSET_AL_HUGE_UPDATE_RENAISSANCE', 'REQUIREMENTSET_TEST_ALL'),
    ('REQSET_AL_HUGE_UPDATE_INDUSTRIAL', 'REQUIREMENTSET_TEST_ALL'),
    ('REQSET_AL_HUGE_UPDATE_MODERN', 'REQUIREMENTSET_TEST_ALL'),
    ('REQSET_AL_HUGE_UPDATE_ATOMIC', 'REQUIREMENTSET_TEST_ALL'),
    ('REQSET_AL_HUGE_UPDATE_INFORMATION', 'REQUIREMENTSET_TEST_ALL'),
    ('REQSET_AL_HUGE_UPDATE_FUTURE', 'REQUIREMENTSET_TEST_ALL'),
    
    ('REQSET_AL_OWNER_IS_MAJOR', 'REQUIREMENTSET_TEST_ALL');

INSERT INTO Requirements
(RequirementId, RequirementType) VALUES
    ('REQ_AL_HUGE_UPDATE_MEDIEVAL', 'REQUIREMENT_PLAYER_HAS_TECHNOLOGY'),
    ('REQ_AL_HUGE_UPDATE_RENAISSANCE', 'REQUIREMENT_PLAYER_HAS_TECHNOLOGY'),
    ('REQ_AL_HUGE_UPDATE_INDUSTRIAL', 'REQUIREMENT_PLAYER_HAS_TECHNOLOGY'),
    ('REQ_AL_HUGE_UPDATE_MODERN', 'REQUIREMENT_PLAYER_HAS_TECHNOLOGY'),
    ('REQ_AL_HUGE_UPDATE_ATOMIC', 'REQUIREMENT_PLAYER_HAS_TECHNOLOGY'),
    ('REQ_AL_HUGE_UPDATE_INFORMATION', 'REQUIREMENT_PLAYER_HAS_TECHNOLOGY'),
    ('REQ_AL_HUGE_UPDATE_FUTURE', 'REQUIREMENT_PLAYER_HAS_TECHNOLOGY'),
    
    ('REQ_AL_OWNER_IS_MAJOR', 'REQUIREMENT_PLAYER_IS_MAJOR');

INSERT INTO RequirementArguments
(RequirementId, Name, Value) VALUES
    ('REQ_AL_HUGE_UPDATE_MEDIEVAL', 'TechnologyType', 'TECH_MILITARY_ENGINEERING'),
    ('REQ_AL_HUGE_UPDATE_RENAISSANCE', 'TechnologyType', 'TECH_GUNPOWDER'),
    ('REQ_AL_HUGE_UPDATE_INDUSTRIAL', 'TechnologyType', 'TECH_RIFLING'),
    ('REQ_AL_HUGE_UPDATE_MODERN', 'TechnologyType', 'TECH_REPLACEABLE_PARTS'),
    ('REQ_AL_HUGE_UPDATE_ATOMIC', 'TechnologyType', 'TECH_PLASTICS'),
    ('REQ_AL_HUGE_UPDATE_INFORMATION', 'TechnologyType', 'TECH_GUIDANCE_SYSTEMS'),
    ('REQ_AL_HUGE_UPDATE_FUTURE', 'TechnologyType', 'TECH_ADVANCED_POWER_CELLS');

INSERT INTO RequirementSetRequirements
(RequirementSetId, RequirementId) VALUES
    ('REQSET_AL_HUGE_UPDATE_MEDIEVAL', 'REQ_AL_HUGE_UPDATE_MEDIEVAL'),
    ('REQSET_AL_HUGE_UPDATE_RENAISSANCE', 'REQ_AL_HUGE_UPDATE_RENAISSANCE'),
    ('REQSET_AL_HUGE_UPDATE_INDUSTRIAL', 'REQ_AL_HUGE_UPDATE_INDUSTRIAL'),
    ('REQSET_AL_HUGE_UPDATE_MODERN', 'REQ_AL_HUGE_UPDATE_MODERN'),
    ('REQSET_AL_HUGE_UPDATE_ATOMIC', 'REQ_AL_HUGE_UPDATE_ATOMIC'),
    ('REQSET_AL_HUGE_UPDATE_INFORMATION', 'REQ_AL_HUGE_UPDATE_INFORMATION'),
    ('REQSET_AL_HUGE_UPDATE_FUTURE', 'REQ_AL_HUGE_UPDATE_FUTURE'),
    
    ('REQSET_AL_OWNER_IS_MAJOR', 'REQ_AL_OWNER_IS_MAJOR');

INSERT INTO UnitAbilities
(UnitAbilityType, Name, Description, Inactive) VALUES
    ('ABILITY_AL_HUGE_UPDATE_MEDIEVAL', 'LOC_ABILITY_AL_HUGE_UPDATE_MEDIEVAL_NAME', 'LOC_ABILITY_AL_HUGE_UPDATE_MEDIEVAL_DESCRIPTION', 1),
    ('ABILITY_AL_HUGE_UPDATE_RENAISSANCE', 'LOC_ABILITY_AL_HUGE_UPDATE_MEDIEVAL_NAME', 'LOC_ABILITY_AL_HUGE_UPDATE_MEDIEVAL_DESCRIPTION', 1),
    ('ABILITY_AL_HUGE_UPDATE_INDUSTRIAL', 'LOC_ABILITY_AL_HUGE_UPDATE_MEDIEVAL_NAME', 'LOC_ABILITY_AL_HUGE_UPDATE_MEDIEVAL_DESCRIPTION', 1),
    ('ABILITY_AL_HUGE_UPDATE_MODERN', 'LOC_ABILITY_AL_HUGE_UPDATE_MEDIEVAL_NAME', 'LOC_ABILITY_AL_HUGE_UPDATE_MEDIEVAL_DESCRIPTION', 1),
    ('ABILITY_AL_HUGE_UPDATE_ATOMIC', 'LOC_ABILITY_AL_HUGE_UPDATE_MEDIEVAL_NAME', 'LOC_ABILITY_AL_HUGE_UPDATE_MEDIEVAL_DESCRIPTION', 1),
    ('ABILITY_AL_HUGE_UPDATE_INFORMATION', 'LOC_ABILITY_AL_HUGE_UPDATE_MEDIEVAL_NAME', 'LOC_ABILITY_AL_HUGE_UPDATE_MEDIEVAL_DESCRIPTION', 1),
    ('ABILITY_AL_HUGE_UPDATE_FUTURE', 'LOC_ABILITY_AL_HUGE_UPDATE_MEDIEVAL_NAME', 'LOC_ABILITY_AL_HUGE_UPDATE_MEDIEVAL_DESCRIPTION', 1),
    
    ('ABILITY_AL_HUGE_BELONGS_TO_PLAYER', 'LOC_ABILITY_AL_HUGE_BELONGS_TO_PLAYER_NAME', 'LOC_ABILITY_AL_HUGE_BELONGS_TO_PLAYER_NAME', 0);

INSERT INTO UnitAbilityModifiers
(UnitAbilityType, ModifierId) VALUES
    ('ABILITY_AL_HUGE_UPDATE_MEDIEVAL', 'ABILITY_AL_HUGE_UPDATE_MEDIEVAL_BUFF'),
    ('ABILITY_AL_HUGE_UPDATE_RENAISSANCE', 'ABILITY_AL_HUGE_UPDATE_RENAISSANCE_BUFF'),
    ('ABILITY_AL_HUGE_UPDATE_INDUSTRIAL', 'ABILITY_AL_HUGE_UPDATE_INDUSTRIAL_BUFF'),
    ('ABILITY_AL_HUGE_UPDATE_MODERN', 'ABILITY_AL_HUGE_UPDATE_MODERN_BUFF'),
    ('ABILITY_AL_HUGE_UPDATE_ATOMIC', 'ABILITY_AL_HUGE_UPDATE_ATOMIC_BUFF'),
    ('ABILITY_AL_HUGE_UPDATE_INFORMATION', 'ABILITY_AL_HUGE_UPDATE_INFORMATION_BUFF'),
    ('ABILITY_AL_HUGE_UPDATE_FUTURE', 'ABILITY_AL_HUGE_UPDATE_FUTURE_BUFF'),
    
    ('ABILITY_AL_HUGE_UPDATE_MEDIEVAL', 'ABILITY_AL_HUGE_UPDATE_MEDIEVAL_BUFF2'),
    ('ABILITY_AL_HUGE_UPDATE_RENAISSANCE', 'ABILITY_AL_HUGE_UPDATE_RENAISSANCE_BUFF2'),
    ('ABILITY_AL_HUGE_UPDATE_INDUSTRIAL', 'ABILITY_AL_HUGE_UPDATE_INDUSTRIAL_BUFF2'),
    ('ABILITY_AL_HUGE_UPDATE_MODERN', 'ABILITY_AL_HUGE_UPDATE_MODERN_BUFF2'),
    ('ABILITY_AL_HUGE_UPDATE_ATOMIC', 'ABILITY_AL_HUGE_UPDATE_ATOMIC_BUFF2'),
    ('ABILITY_AL_HUGE_UPDATE_INFORMATION', 'ABILITY_AL_HUGE_UPDATE_INFORMATION_BUFF2'),
    ('ABILITY_AL_HUGE_UPDATE_FUTURE', 'ABILITY_AL_HUGE_UPDATE_FUTURE_BUFF2'),
    
    ('ABILITY_AL_HUGE_BELONGS_TO_PLAYER', 'MOD_AL_HUGE_BELONGS_TO_PLAYER'),
    ('ABILITY_AL_HUGE_BELONGS_TO_PLAYER', 'MOD_AL_HUGE_BELONGS_TO_PLAYER_BASE');