-- °ÙºÏÇð
INSERT INTO Types
(Type, Kind) VALUES
('CIVILIZATION_YURIGAOKA', 'KIND_CIVILIZATION'),
('TRAIT_CIVILIZATION_AL_GARDEN', 'KIND_TRAIT'),
('TRAIT_CIVILIZATION_AL_ANGEL_PROMISE', 'KIND_TRAIT'),
('TRAIT_CIVILIZATION_AL_UNIT_ROSE', 'KIND_TRAIT'),
('TRAIT_CIVILIZATION_AL_BUILDING_AL_SAKURA', 'KIND_TRAIT'),
('TRAIT_CIVILIZATION_AL_DISTRICT_AL_MOYU', 'KIND_TRAIT'),
('TRAIT_CIVILIZATION_AL_IMPROVEMENT_AL_QUAN', 'KIND_TRAIT');

INSERT INTO Traits
(TraitType, Name, Description) VALUES
('TRAIT_CIVILIZATION_AL_GARDEN', 'LOC_TRAIT_CIVILIZATION_AL_GARDEN_NAME', 'LOC_TRAIT_CIVILIZATION_AL_GARDEN_DESCRIPTION'),
('TRAIT_CIVILIZATION_AL_ANGEL_PROMISE', 'LOC_TRAIT_CIVILIZATION_AL_ANGEL_PROMISE_NAME', 'LOC_TRAIT_CIVILIZATION_AL_ANGEL_PROMISE_DESCRIPTION'),
('TRAIT_CIVILIZATION_AL_UNIT_ROSE', 'LOC_TRAIT_CIVILIZATION_AL_UNIT_ROSE_NAME', 'LOC_TRAIT_CIVILIZATION_AL_UNIT_ROSE_DESCRIPTION'),
('TRAIT_CIVILIZATION_AL_BUILDING_AL_SAKURA', 'LOC_TRAIT_CIVILIZATION_AL_BUILDING_AL_SAKURA_NAME', 'LOC_TRAIT_CIVILIZATION_AL_BUILDING_AL_SAKURA_DESCRIPTION'),
('TRAIT_CIVILIZATION_AL_DISTRICT_AL_MOYU', 'LOC_TRAIT_CIVILIZATION_AL_DISTRICT_AL_MOYU_NAME', 'LOC_TRAIT_CIVILIZATION_AL_DISTRICT_AL_MOYU_DESCRIPTION'),
('TRAIT_CIVILIZATION_AL_IMPROVEMENT_AL_QUAN', 'LOC_TRAIT_CIVILIZATION_AL_IMPROVEMENT_AL_QUAN_NAME', 'LOC_TRAIT_CIVILIZATION_AL_IMPROVEMENT_AL_QUAN_DESCRIPTION');

INSERT INTO TraitModifiers
(TraitType, ModifierId) VALUES
('TRAIT_CIVILIZATION_AL_GARDEN', 'MOD_TRAIT_CIVILIZATION_AL_GARDEN_BARBARRAIN_KILL_CULTURE'),
('TRAIT_CIVILIZATION_AL_GARDEN', 'MOD_TRAIT_CIVILIZATION_AL_GARDEN_BARBARRAIN_KILL_SCIENCE'),
('TRAIT_CIVILIZATION_AL_GARDEN', 'TRAIT_BARBARIAN_CAMP_GOODY'),
('TRAIT_CIVILIZATION_AL_ANGEL_PROMISE', 'MOD_TRAIT_CIVILIZATION_AL_ANGEL_PROMISE_GREAT_PERSON'),
('TRAIT_CIVILIZATION_AL_GARDEN', 'MOD_TRAIT_CIVILIZATION_AL_GARDEN_LAND_CORPS_EARLY');

INSERT INTO Modifiers
(ModifierId, ModifierType, SubjectRequirementSetId) VALUES
('MOD_TRAIT_CIVILIZATION_AL_GARDEN_BARBARRAIN_KILL_CULTURE', 'MODIFIER_PLAYER_UNITS_ADJUST_POST_COMBAT_YIELD', 'REQUIREMENTS_OPPONENT_IS_BARBARIAN'),
('MOD_TRAIT_CIVILIZATION_AL_GARDEN_BARBARRAIN_KILL_SCIENCE', 'MODIFIER_PLAYER_UNITS_ADJUST_POST_COMBAT_YIELD', 'REQUIREMENTS_OPPONENT_IS_BARBARIAN'),
('MOD_TRAIT_CIVILIZATION_AL_ANGEL_PROMISE_GREAT_PERSON', 'MODIFIER_PLAYER_ADJUST_GREAT_PERSON_POINTS_REFUND_PERCENT', NULL),
('MOD_TRAIT_CIVILIZATION_AL_GARDEN_LAND_CORPS_EARLY', 'MODIFIER_PLAYER_CORPS_ARMY_PREREQ', NULL);

INSERT INTO ModifierArguments
(ModifierId, Name, Value) VALUES
('MOD_TRAIT_CIVILIZATION_AL_GARDEN_BARBARRAIN_KILL_CULTURE', 'YieldType', 'YIELD_CULTURE'),
('MOD_TRAIT_CIVILIZATION_AL_GARDEN_BARBARRAIN_KILL_SCIENCE', 'YieldType', 'YIELD_SCIENCE'),
('MOD_TRAIT_CIVILIZATION_AL_GARDEN_BARBARRAIN_KILL_CULTURE', 'PercentDefeatedStrength', 100),
('MOD_TRAIT_CIVILIZATION_AL_GARDEN_LAND_CORPS_EARLY', 'Corps', 1),
('MOD_TRAIT_CIVILIZATION_AL_GARDEN_LAND_CORPS_EARLY', 'Domain', 'DOMAIN_LAND'),
('MOD_TRAIT_CIVILIZATION_AL_GARDEN_LAND_CORPS_EARLY', 'CivicType', 'CIVIC_STATE_WORKFORCE'),
('MOD_TRAIT_CIVILIZATION_AL_ANGEL_PROMISE_GREAT_PERSON', 'Amount', 10),
('MOD_TRAIT_CIVILIZATION_AL_GARDEN_BARBARRAIN_KILL_SCIENCE', 'PercentDefeatedStrength', 100);

INSERT INTO Civilizations
(CivilizationType, Name, Description, Adjective, StartingCivilizationLevelType, RandomCityNameDepth, Ethnicity) VALUES
('CIVILIZATION_YURIGAOKA', 'LOC_CIVILIZATION_YURIGAOKA_NAME', 'LOC_CIVILIZATION_YURIGAOKA_DESCRIPTION', 'LOC_CIVILIZATION_YURIGAOKA_ADJECTIVE', 'CIVILIZATION_LEVEL_FULL_CIV', 10, 'ETHNICITY_ASIAN');

INSERT INTO CivilizationLeaders
(CivilizationType, LeaderType, CapitalName) VALUES
('CIVILIZATION_YURIGAOKA', 'LEADER_AL_RIRI', 'LOC_CITY_NAME_HITOTSUYANAGI');

INSERT INTO CivilizationTraits
(CivilizationType, TraitType) VALUES
('CIVILIZATION_YURIGAOKA', 'TRAIT_CIVILIZATION_AL_GARDEN'),
('CIVILIZATION_YURIGAOKA', 'TRAIT_CIVILIZATION_AL_ANGEL_PROMISE'),
('CIVILIZATION_YURIGAOKA', 'TRAIT_CIVILIZATION_AL_UNIT_ROSE'),
('CIVILIZATION_YURIGAOKA', 'TRAIT_CIVILIZATION_AL_BUILDING_AL_SAKURA'),
('CIVILIZATION_YURIGAOKA', 'TRAIT_CIVILIZATION_AL_DISTRICT_AL_MOYU'),
('CIVILIZATION_YURIGAOKA', 'TRAIT_CIVILIZATION_AL_IMPROVEMENT_AL_QUAN');

INSERT INTO CityNames
(CivilizationType, CityName) VALUES
('CIVILIZATION_YURIGAOKA', 'LOC_CITY_NAME_HITOTSUYANAGI'),
('CIVILIZATION_YURIGAOKA', 'LOC_CITY_NAME_LOHENGRIN'),
('CIVILIZATION_YURIGAOKA', 'LOC_CITY_NAME_VINGOLF'),
('CIVILIZATION_YURIGAOKA', 'LOC_CITY_NAME_RADGRID'),
('CIVILIZATION_YURIGAOKA', 'LOC_CITY_NAME_REGINLEIF'),
('CIVILIZATION_YURIGAOKA', 'LOC_CITY_NAME_MIZUKI'),
('CIVILIZATION_YURIGAOKA', 'LOC_CITY_NAME_BRYNHILDRLINE'),
('CIVILIZATION_YURIGAOKA', 'LOC_CITY_NAME_HERFJOTUR'),
('CIVILIZATION_YURIGAOKA', 'LOC_CITY_NAME_ROSSWEISSE'),
('CIVILIZATION_YURIGAOKA', 'LOC_CITY_NAME_SCHWARTZGRAIL'),
('CIVILIZATION_YURIGAOKA', 'LOC_CITY_NAME_GINNUNGAGAP'),
('CIVILIZATION_YURIGAOKA', 'LOC_CITY_NAME_SANNGRIDR'),
('CIVILIZATION_YURIGAOKA', 'LOC_CITY_NAME_SIGRDRIFA'),
('CIVILIZATION_YURIGAOKA', 'LOC_CITY_NAME_IPPAN'),
('CIVILIZATION_YURIGAOKA', 'LOC_CITY_NAME_EIR'),
('CIVILIZATION_YURIGAOKA', 'LOC_CITY_NAME_SINSI'),
('CIVILIZATION_YURIGAOKA', 'LOC_CITY_NAME_SCHWERTLEITE'),
('CIVILIZATION_YURIGAOKA', 'LOC_CITY_NAME_GEIRAVOR'),
('CIVILIZATION_YURIGAOKA', 'LOC_CITY_NAME_SVANHVIT'),
('CIVILIZATION_YURIGAOKA', 'LOC_CITY_NAME_VIDOFNIR'),
('CIVILIZATION_YURIGAOKA', 'LOC_CITY_NAME_SKULD');

INSERT INTO CivilizationCitizenNames
(CivilizationType, CitizenName) VALUES
('CIVILIZATION_YURIGAOKA', 'LOC_CITIZEN_YURIGAOKA_RIRI'),
('CIVILIZATION_YURIGAOKA', 'LOC_CITIZEN_YURIGAOKA_YURI'),
('CIVILIZATION_YURIGAOKA', 'LOC_CITIZEN_YURIGAOKA_YUYU'),
('CIVILIZATION_YURIGAOKA', 'LOC_CITIZEN_YURIGAOKA_MILI'),
('CIVILIZATION_YURIGAOKA', 'LOC_CITIZEN_YURIGAOKA_KAED'),
('CIVILIZATION_YURIGAOKA', 'LOC_CITIZEN_YURIGAOKA_MAI'),
('CIVILIZATION_YURIGAOKA', 'LOC_CITIZEN_YURIGAOKA_TADU'),
('CIVILIZATION_YURIGAOKA', 'LOC_CITIZEN_YURIGAOKA_SHEN'),
('CIVILIZATION_YURIGAOKA', 'LOC_CITIZEN_YURIGAOKA_YUJIA'),
('CIVILIZATION_YURIGAOKA', 'LOC_CITIZEN_YURIGAOKA_FUMI');

INSERT INTO StartBiasTerrains
(CivilizationType, TerrainType, Tier) VALUES
('CIVILIZATION_YURIGAOKA', 'TERRAIN_COAST', 3);

INSERT INTO StartBiasRivers
(CivilizationType, Tier) VALUES
('CIVILIZATION_YURIGAOKA', 5);

INSERT INTO LoadingInfo
(LeaderType, ForegroundImage, BackgroundImage, LeaderText) VALUES
('LEADER_AL_RIRI', 'ICON_LEADER_AL_RIRI_LOADFORGE', 'ICON_LEADER_AL_RIRI_LOADBACK', 'LOC_LOADING_INFO_LEADER_AL_RIRI');

INSERT INTO DiplomacyInfo
(Type, BackgroundImage) VALUES
('LEADER_AL_RIRI', 'ICON_LEADER_AL_RIRI_DIPLOBACK');