-- GP
    INSERT INTO Types
        (Type, Kind) VALUES
        --MOYU
            ('GREAT_PERSON_INDIVIDUAL_AL_LILY_MOYU', 'KIND_GREAT_PERSON_INDIVIDUAL'),
        --KANAHO
            ('GREAT_PERSON_INDIVIDUAL_AL_LILY_KANAHO', 'KIND_GREAT_PERSON_INDIVIDUAL'),
            ('ABILITY_LILY_GREATS_KANAHO_BUFF', 'KIND_ABILITY'),
        --TAKANE
            ('GREAT_PERSON_INDIVIDUAL_AL_LILY_TAKANE', 'KIND_GREAT_PERSON_INDIVIDUAL'),
            ('ABILITY_LILY_GREATS_TAKANE_BUFF', 'KIND_ABILITY'),
        --MILIAM
            ('GREAT_PERSON_INDIVIDUAL_AL_LILY_MILIAM', 'KIND_GREAT_PERSON_INDIVIDUAL'),
            ('ABILITY_LILY_GREATS_MILIAM_BUFF', 'KIND_ABILITY'),
        --YUJIA
            ('GREAT_PERSON_INDIVIDUAL_AL_LILY_YUJIA', 'KIND_GREAT_PERSON_INDIVIDUAL'),
            ('ABILITY_LILY_GREATS_YUJIA_BUFF', 'KIND_ABILITY'),
         --SHENLIN
            ('GREAT_PERSON_INDIVIDUAL_AL_LILY_SHENLIN', 'KIND_GREAT_PERSON_INDIVIDUAL'),
            ('ABILITY_LILY_GREATS_SHENLIN_BUFF', 'KIND_ABILITY'),
        --ee
            ('GREAT_PERSON_CLASS_AL_LILY', 'KIND_GREAT_PERSON_CLASS'),
            ('PSEUDOYIELD_GPP_AL_LILY', 'KIND_PSEUDOYIELD'),
            ('UNIT_AL_LILY', 'KIND_UNIT'),
        --fumi
            ('GREAT_PERSON_INDIVIDUAL_AL_LILY_FUMI', 'KIND_GREAT_PERSON_INDIVIDUAL'),
            ('ABILITY_LILY_GREATS_FUMI_BUFF', 'KIND_ABILITY'),
            ('ABILITY_LILY_GREATS_FUMI_ACTION_BUFF', 'KIND_ABILITY'),
        --yuyu
            ('GREAT_PERSON_INDIVIDUAL_AL_LILY_YUYU', 'KIND_GREAT_PERSON_INDIVIDUAL'),
            ('ABILITY_LILY_GREATS_YUYU_BUFF', 'KIND_ABILITY'),
        --kaede
            ('GREAT_PERSON_INDIVIDUAL_AL_LILY_KAEDE', 'KIND_GREAT_PERSON_INDIVIDUAL'),
            ('ABILITY_LILY_GREATS_KAEDE_BUFF', 'KIND_ABILITY'),
        --riri
            ('GREAT_PERSON_INDIVIDUAL_AL_LILY_RIRI', 'KIND_GREAT_PERSON_INDIVIDUAL'),
        --tadusa
            ('GREAT_PERSON_INDIVIDUAL_AL_LILY_TADUSA', 'KIND_GREAT_PERSON_INDIVIDUAL'),
            ('ABILITY_LILY_GREATS_TADUSA_BUFF_1', 'KIND_ABILITY'),
            ('ABILITY_LILY_GREATS_TADUSA_BUFF_2', 'KIND_ABILITY'),
        --mai
            ('GREAT_PERSON_INDIVIDUAL_AL_LILY_MAI', 'KIND_GREAT_PERSON_INDIVIDUAL'),
            ('ABILITY_LILY_GREATS_MAI_BUFF', 'KIND_ABILITY'),
            ('ABILITY_LILY_GREATS_MAI_ACTION_BUFF', 'KIND_ABILITY');


    INSERT INTO GreatPersonIndividuals
        (GreatPersonIndividualType, Name, GreatPersonClassType, EraType, Gender, ActionCharges, 
        ActionRequiresLandMilitaryUnitWithinXTiles, ActionNameTextOverride, AreaHighlightRadius, ActionRequiresOwnedTile, ActionEffectTileHighlighting, ActionRequiresEnemyMilitaryUnitWithinXTiles, ActionRequiresCompletedDistrictType) VALUES
        --MOYU
            ('GREAT_PERSON_INDIVIDUAL_AL_LILY_MOYU', 'LOC_GREAT_PERSON_INDIVIDUAL_AL_LILY_MOYU_NAME', 'GREAT_PERSON_CLASS_AL_LILY', 'ERA_RENAISSANCE', 'M', 0, 
            NULL, 'LOC_LILY_ACTION_MOYU', 0, 1, 0, NULL, NULL),
        --MILIAM
            ('GREAT_PERSON_INDIVIDUAL_AL_LILY_MILIAM', 'LOC_GREAT_PERSON_INDIVIDUAL_AL_LILY_MILIAM_NAME', 'GREAT_PERSON_CLASS_AL_LILY', 'ERA_RENAISSANCE', 'M', 1, 
            NULL, 'LOC_LILY_ACTION_MILIAM', 0, 1, 0, NULL, 'DISTRICT_AL_GARDEN'),
        --yujia
            ('GREAT_PERSON_INDIVIDUAL_AL_LILY_YUJIA', 'LOC_GREAT_PERSON_INDIVIDUAL_AL_LILY_YUJIA_NAME', 'GREAT_PERSON_CLASS_AL_LILY', 'ERA_RENAISSANCE', 'M', 0, 
            NULL, 'LOC_LILY_ACTION_YUJIA', 0, 1, 0, NULL, NULL),
        --shenlin
            ('GREAT_PERSON_INDIVIDUAL_AL_LILY_SHENLIN', 'LOC_GREAT_PERSON_INDIVIDUAL_AL_LILY_SHENLIN_NAME', 'GREAT_PERSON_CLASS_AL_LILY', 'ERA_RENAISSANCE', 'M', 0, 
            NULL, 'LOC_LILY_ACTION_SHENLIN', 0, 1, 0, NULL, NULL),
        --KANAHO
            ('GREAT_PERSON_INDIVIDUAL_AL_LILY_KANAHO', 'LOC_GREAT_PERSON_INDIVIDUAL_AL_LILY_KANAHO_NAME', 'GREAT_PERSON_CLASS_AL_LILY', 'ERA_CLASSICAL', 'M', 0, 
            NULL, 'LOC_LILY_ACTION_KANAHO', 0, 1, 0, NULL, NULL),
        --TAKANE
            ('GREAT_PERSON_INDIVIDUAL_AL_LILY_TAKANE', 'LOC_GREAT_PERSON_INDIVIDUAL_AL_LILY_TAKANE_NAME', 'GREAT_PERSON_CLASS_AL_LILY', 'ERA_CLASSICAL', 'M', 0, 
            NULL, 'LOC_LILY_ACTION_TAKANE', 0, 1, 0, NULL, NULL),
        --fumi
            ('GREAT_PERSON_INDIVIDUAL_AL_LILY_FUMI', 'LOC_GREAT_PERSON_INDIVIDUAL_AL_LILY_FUMI_NAME', 'GREAT_PERSON_CLASS_AL_LILY', 'ERA_RENAISSANCE', 'M', 1, 
            2, 'LOC_LILY_ACTION_FUMI', 2, 0, 0, NULL, NULL),
        --mai
            ('GREAT_PERSON_INDIVIDUAL_AL_LILY_MAI', 'LOC_GREAT_PERSON_INDIVIDUAL_AL_LILY_MAI_NAME', 'GREAT_PERSON_CLASS_AL_LILY', 'ERA_RENAISSANCE', 'M', 1, 
            2, 'LOC_LILY_ACTION_MAI', 2, 0, 0, NULL, NULL),
         --yuyu
            ('GREAT_PERSON_INDIVIDUAL_AL_LILY_YUYU', 'LOC_GREAT_PERSON_INDIVIDUAL_AL_LILY_YUYU_NAME', 'GREAT_PERSON_CLASS_AL_LILY', 'ERA_RENAISSANCE', 'M', 1, 
            NULL, 'LOC_LILY_ACTION_YUYU', 2, 0, 0, 2, NULL),
        --kaede
            ('GREAT_PERSON_INDIVIDUAL_AL_LILY_KAEDE', 'LOC_GREAT_PERSON_INDIVIDUAL_AL_LILY_KAEDE_NAME', 'GREAT_PERSON_CLASS_AL_LILY', 'ERA_RENAISSANCE', 'M', 1, 
            NULL, 'LOC_LILY_ACTION_KAEDE', 0, 1, 0, NULL, 'DISTRICT_AL_GARDEN'),
        --riri
            ('GREAT_PERSON_INDIVIDUAL_AL_LILY_RIRI', 'LOC_GREAT_PERSON_INDIVIDUAL_AL_LILY_RIRI_NAME', 'GREAT_PERSON_CLASS_AL_LILY', 'ERA_RENAISSANCE', 'M', 1, 
            NULL, 'LOC_LILY_ACTION_RIRI', 0, 1, 0, NULL, 'DISTRICT_AL_GARDEN'),
        --tadusa
            ('GREAT_PERSON_INDIVIDUAL_AL_LILY_TADUSA', 'LOC_GREAT_PERSON_INDIVIDUAL_AL_LILY_TADUSA_NAME', 'GREAT_PERSON_CLASS_AL_LILY', 'ERA_RENAISSANCE', 'M', 1, 
            NULL, 'LOC_LILY_ACTION_TADUSA', 2, 0, 0, 2, NULL);

    INSERT INTO GreatPersonIndividualIconModifiers
        (GreatPersonIndividualType, OverrideUnitIcon) VALUES
        --MOYU
            ('GREAT_PERSON_INDIVIDUAL_AL_LILY_MOYU', 'ICON_UNIT_AL_MOYU_GREATNORMAL'),
        --MILIAM
            ('GREAT_PERSON_INDIVIDUAL_AL_LILY_MILIAM', 'ICON_UNIT_AL_MILIAM_GREATNORMAL'),
        --mai
            ('GREAT_PERSON_INDIVIDUAL_AL_LILY_YUJIA', 'ICON_UNIT_AL_YUJIA_GREATNORMAL'),
        --mai
            ('GREAT_PERSON_INDIVIDUAL_AL_LILY_SHENLIN', 'ICON_UNIT_AL_SHENLIN_GREATNORMAL'),
        --mai
            ('GREAT_PERSON_INDIVIDUAL_AL_LILY_KANAHO', 'ICON_UNIT_AL_KANAHO_GREATNORMAL'),
            --mai
            ('GREAT_PERSON_INDIVIDUAL_AL_LILY_TAKANE', 'ICON_UNIT_AL_TAKANE_GREATNORMAL'),
            --mai
            ('GREAT_PERSON_INDIVIDUAL_AL_LILY_MAI', 'ICON_UNIT_AL_MAI_GREATNORMAL'),
            --fumi
            ('GREAT_PERSON_INDIVIDUAL_AL_LILY_FUMI', 'ICON_UNIT_AL_FUMI_GREATNORMAL'),
            --yuyu
            ('GREAT_PERSON_INDIVIDUAL_AL_LILY_YUYU', 'ICON_UNIT_AL_YUYU_GREATNORMAL'),
            --kaede
            ('GREAT_PERSON_INDIVIDUAL_AL_LILY_KAEDE', 'ICON_UNIT_AL_KAEDE_GREATNORMAL'),
            --riri
            ('GREAT_PERSON_INDIVIDUAL_AL_LILY_RIRI', 'ICON_UNIT_AL_RIRI_GREATNORMAL'),
            --tadusa
            ('GREAT_PERSON_INDIVIDUAL_AL_LILY_TADUSA', 'ICON_UNIT_AL_RIRI_GREATNORMAL');

    INSERT INTO GreatPersonIndividualBirthModifiers
        (GreatPersonIndividualType, ModifierId) VALUES
        --mai
            ('GREAT_PERSON_INDIVIDUAL_AL_LILY_MILIAM', 'MOD_AL_GP_MILIAM_BIRTH_BUFF'),
        --mai
            ('GREAT_PERSON_INDIVIDUAL_AL_LILY_YUJIA', 'MOD_AL_GP_YUJIA_BIRTH_BUFF'),
        --mai
            ('GREAT_PERSON_INDIVIDUAL_AL_LILY_SHENLIN', 'MOD_AL_GP_SHENLIN_BIRTH_BUFF'),
        --mai
            ('GREAT_PERSON_INDIVIDUAL_AL_LILY_KANAHO', 'MOD_AL_GP_KANAHO_BIRTH_BUFF'),
            --mai
            ('GREAT_PERSON_INDIVIDUAL_AL_LILY_TAKANE', 'MOD_AL_GP_TAKANE_BIRTH_BUFF'),
            --mai
            ('GREAT_PERSON_INDIVIDUAL_AL_LILY_MAI', 'MOD_AL_GP_MAI_BIRTH_BUFF'),
            --fumi
            ('GREAT_PERSON_INDIVIDUAL_AL_LILY_FUMI', 'MOD_AL_GP_FUMI_BIRTH_BUFF'),
            --yuyu
            ('GREAT_PERSON_INDIVIDUAL_AL_LILY_YUYU', 'MOD_AL_GP_YUYU_BIRTH_BUFF'),
            --kaede
            ('GREAT_PERSON_INDIVIDUAL_AL_LILY_KAEDE', 'MOD_AL_GP_KAEDE_BIRTH_BUFF'),
            --riri
            ('GREAT_PERSON_INDIVIDUAL_AL_LILY_RIRI', 'MOD_AL_GP_RIRI_BIRTH_BUFF'),
            --riri
            ('GREAT_PERSON_INDIVIDUAL_AL_LILY_TADUSA', 'MOD_AL_GP_TADUSA_BIRTH_1'),
            ('GREAT_PERSON_INDIVIDUAL_AL_LILY_TADUSA', 'MOD_AL_GP_TADUSA_BIRTH_2');

    INSERT INTO GreatPersonIndividualActionModifiers
        (GreatPersonIndividualType, ModifierId, AttachmentTargetType) VALUES
        --MOYU
            ('GREAT_PERSON_INDIVIDUAL_AL_LILY_MOYU', 'MOD_AL_GP_MOYU_ACTION_BUFF', 'GREAT_PERSON_ACTION_ATTACHMENT_TARGET_PLAYER'),
        --MILIAM
            ('GREAT_PERSON_INDIVIDUAL_AL_LILY_MILIAM', 'MOD_AL_GP_MILIAM_ACTION_BUFF_1', 'GREAT_PERSON_ACTION_ATTACHMENT_TARGET_DISTRICT_IN_TILE'),
            ('GREAT_PERSON_INDIVIDUAL_AL_LILY_MILIAM', 'MOD_AL_GP_MILIAM_ACTION_BUFF_2', 'GREAT_PERSON_ACTION_ATTACHMENT_TARGET_DISTRICT_IN_TILE'),
        --SHENLIN
            ('GREAT_PERSON_INDIVIDUAL_AL_LILY_SHENLIN', 'MOD_AL_GP_SHENLIN_ACTION_BUFF', 'GREAT_PERSON_ACTION_ATTACHMENT_TARGET_PLAYER'),
        --KANAHO
            ('GREAT_PERSON_INDIVIDUAL_AL_LILY_KANAHO', 'MOD_AL_GP_KANAHO_ACTION_BUFF', 'GREAT_PERSON_ACTION_ATTACHMENT_TARGET_PLAYER'),
            --TAKANE
            ('GREAT_PERSON_INDIVIDUAL_AL_LILY_TAKANE', 'MOD_AL_GP_TAKANE_ACTION_BUFF', 'GREAT_PERSON_ACTION_ATTACHMENT_TARGET_PLAYER'),
            --mai
            ('GREAT_PERSON_INDIVIDUAL_AL_LILY_MAI', 'MOD_AL_GP_MAI_ACTION_BUFF', 'GREAT_PERSON_ACTION_ATTACHMENT_TARGET_UNIT_GREATPERSON'),
            --fumi
            ('GREAT_PERSON_INDIVIDUAL_AL_LILY_FUMI', 'MOD_AL_GP_FUMI_ACTION_BUFF', 'GREAT_PERSON_ACTION_ATTACHMENT_TARGET_UNIT_GREATPERSON'),
            --yuyu
            ('GREAT_PERSON_INDIVIDUAL_AL_LILY_YUYU', 'MOD_AL_GP_YUYU_ACTION_DAMAGE_ENEMY', 'GREAT_PERSON_ACTION_ATTACHMENT_TARGET_UNIT_GREATPERSON'),
            ('GREAT_PERSON_INDIVIDUAL_AL_LILY_YUYU', 'MOD_AL_GP_YUYU_ACTION_DAMAGE_FRIEND', 'GREAT_PERSON_ACTION_ATTACHMENT_TARGET_UNIT_GREATPERSON'),
            --kaede
            ('GREAT_PERSON_INDIVIDUAL_AL_LILY_KAEDE', 'MOD_AL_GP_KAEDE_ACTION_DOLL', 'GREAT_PERSON_ACTION_ATTACHMENT_TARGET_DISTRICT_IN_TILE'),
            ('GREAT_PERSON_INDIVIDUAL_AL_LILY_KAEDE', 'MOD_AL_GP_KAEDE_ACTION_INTERNATIONAL_ROUTE', 'GREAT_PERSON_ACTION_ATTACHMENT_TARGET_DISTRICT_IN_TILE'),
            --riri
            ('GREAT_PERSON_INDIVIDUAL_AL_LILY_RIRI', 'MOD_AL_GP_RIRI_ACTION_RAMUNE', 'GREAT_PERSON_ACTION_ATTACHMENT_TARGET_DISTRICT_IN_TILE'),
            --tadusa
            ('GREAT_PERSON_INDIVIDUAL_AL_LILY_TADUSA', 'MOD_AL_GP_TADUSA_ACTION_DAMAGE_ENEMY', 'GREAT_PERSON_ACTION_ATTACHMENT_TARGET_UNIT_GREATPERSON'),
            ('GREAT_PERSON_INDIVIDUAL_AL_LILY_TADUSA', 'MOD_AL_GP_TADUSA_ACTION_DAMAGE_FRIEND', 'GREAT_PERSON_ACTION_ATTACHMENT_TARGET_UNIT_GREATPERSON');

    INSERT INTO PseudoYields
        (PseudoYieldType, DefaultValue) VALUES
        ('PSEUDOYIELD_GPP_AL_LILY', 1);

    INSERT INTO GreatPersonClasses
        (GreatPersonClassType, Name, UnitType, DistrictType, PseudoYieldType, IconString, ActionIcon, GenerateDuplicateIndividuals, AvailableInTimeline) VALUES
        ('GREAT_PERSON_CLASS_AL_LILY', 'LOC_GREAT_PERSON_CLASS_AL_LILY_NAME', 'UNIT_AL_LILY', 'DISTRICT_CITY_CENTER', 'PSEUDOYIELD_GPP_AL_LILY', '[ICON_GreatLily]', 'ICON_UNIT_AL_FUMI_GREATNORMAL', 0, 1);

--MODIFIERS

    INSERT INTO Modifiers
        (ModifierId, ModifierType, SubjectRequirementSetId, RunOnce, Permanent) VALUES
        ('MOD_AL_YURI_DIED_1', 'MODIFIER_PLAYER_CITIES_ADJUST_BUILDING_YIELD_CHANGE', NULL, 0, 1),
        ('MOD_AL_YURI_DIED_2', 'MODIFIER_PLAYER_UNITS_ATTACH_MODIFIER', 'REQSET_AL_UNIT_IS_RADGRID', 0, 1),

        ('BUFF_AL_YURI_DIED_2', 'MODIFIER_UNIT_ADJUST_COMBAT_STRENGTH', 'REQSET_AL_UNIT_IS_RADGRID', 0, 1),

        ('MOD_AL_GP_MOYU_ACTION_BUFF', 'MODIFIER_PLAYER_GRANT_INFLUENCE_TOKEN', NULL, 0, 0),
        --miliam
            ('MOD_AL_GP_MILIAM_BIRTH_BUFF', 'MODIFIER_PLAYER_UNITS_GRANT_ABILITY', 'AOE_LAND_REQUIREMENTS', 0, 1),
            ('MOD_AL_GP_MILIAM_ACTION_BUFF_1', 'MODIFIER_PLAYER_CITIES_ADJUST_BUILDING_YIELD_CHANGE', NULL, 0, 1),
            ('MOD_AL_GP_MILIAM_ACTION_BUFF_2', 'MODIFIER_PLAYER_GRANT_RANDOM_TECHNOLOGY_BOOST_GOODY_HUT', NULL, 1, 0),

            ('MOD_LILY_GREATS_MILIAM_BUFF', 'MODIFIER_UNIT_ADJUST_COMBAT_STRENGTH', 'REQSET_AL_UNIT_IS_DEFFENDER', 0, 0),
         --YUJIA
            ('MOD_AL_GP_YUJIA_BIRTH_BUFF', 'MODIFIER_PLAYER_UNITS_GRANT_ABILITY', 'AOE_LAND_REQUIREMENTS', 0, 0),
            ('MOD_AL_GP_YUJIA_ACTION_BUFF', 'MODIFIER_PLAYER_ADJUST_GOVERNOR_POINTS', NULL, 0, 0),
            ('MOD_LILY_GREATS_YUJIA_BUFF', 'MODIFIER_PLAYER_UNIT_ADJUST_IGNORE_ZOC', NULL, 0, 0),
        --shenlin
            ('MOD_AL_GP_SHENLIN_BIRTH_BUFF', 'MODIFIER_PLAYER_UNITS_GRANT_ABILITY', 'AOE_LAND_REQUIREMENTS', 0, 0),
            ('MOD_AL_GP_SHENLIN_ACTION_BUFF', 'MODIFIER_PLAYER_ADJUST_GOVERNOR_POINTS', NULL, 0, 0),
            ('MOD_LILY_GREATS_SHENLIN_BUFF', 'MODIFIER_SINGLE_UNIT_ADJUST_COMBAT_FOR_UNUSED_MOVEMENT', NULL, 0, 0),
        --KANAHO
            ('MOD_AL_GP_KANAHO_BIRTH_BUFF', 'MODIFIER_PLAYER_UNITS_GRANT_ABILITY', 'AOE_LAND_REQUIREMENTS', 0, 0),
            ('MOD_AL_GP_KANAHO_ACTION_BUFF', 'MODIFIER_PLAYER_ADJUST_GOVERNOR_POINTS', NULL, 0, 0),
            ('MOD_LILY_GREATS_KANAHO_BUFF', 'MODIFIER_PLAYER_UNIT_ADJUST_MOVEMENT', NULL, 0, 0),
            --TAKANE
            ('MOD_AL_GP_TAKANE_BIRTH_BUFF', 'MODIFIER_PLAYER_UNITS_GRANT_ABILITY', 'AOE_LAND_REQUIREMENTS', 0, 0),
            ('MOD_AL_GP_TAKANE_ACTION_BUFF', 'MODIFIER_PLAYER_ADJUST_GOVERNOR_POINTS', NULL, 0, 0),
            ('MOD_LILY_GREATS_TAKANE_BUFF', 'MODIFIER_UNIT_ADJUST_COMBAT_STRENGTH', 'REQSET_AL_UNIT_IS_DEFFENDER', 0, 0),
        --mai
            
            ('MOD_AL_GP_MAI_BIRTH_BUFF', 'MODIFIER_PLAYER_UNITS_GRANT_ABILITY', 'AOE_LAND_REQUIREMENTS', 0, 0),
            ('MOD_AL_GP_MAI_ACTION_BUFF', 'MODIFIER_PLAYER_UNITS_GRANT_ABILITY', 'AOE_LAND_REQUIREMENTS', 0, 0),
            ('MOD_LILY_GREATS_MAI_BUFF', 'MODIFIER_SINGLE_UNIT_ADJUST_JUMP_DISTANCE', NULL, 0, 0),
            ('MOD_LILY_GREATS_MAI_ACTION_BUFF', 'MODIFIER_PLAYER_UNIT_ADJUST_MOVEMENT', NULL, 0, 0),
        --fumi
            ('MOD_AL_GP_FUMI_BIRTH_BUFF', 'MODIFIER_PLAYER_UNITS_GRANT_ABILITY', 'AOE_LAND_REQUIREMENTS', 0, 0),
            ('MOD_ABILITY_LILY_GREATS_FUMI_BUFF_ATK', 'MODIFIER_UNIT_ADJUST_COMBAT_STRENGTH', NULL, 0, 0),
            ('MOD_ABILITY_LILY_GREATS_FUMI_BUFF_SIGHT', 'MODIFIER_PLAYER_UNIT_ADJUST_SIGHT', NULL, 0, 0),
            ('MOD_AL_GP_FUMI_ACTION_BUFF', 'MODIFIER_PLAYER_UNITS_GRANT_ABILITY', 'AOE_LAND_REQUIREMENTS', 1, 1),
            ('MOD_ABILITY_LILY_GREATS_FUMI_ACTION_BUFF_SIGHT', 'MODIFIER_PLAYER_UNIT_ADJUST_SIGHT', NULL, 0, 0),
            ('MOD_ABILITY_LILY_GREATS_FUMI_ACTION_BUFF_ATK_DISTRICT', 'MODIFIER_UNIT_ADJUST_COMBAT_STRENGTH', 'OPPONENT_IS_DISTRICT_REQUIREMENTS', 0, 0),
        --yuyu
            ('MOD_AL_GP_YUYU_BIRTH_BUFF', 'MODIFIER_PLAYER_UNITS_GRANT_ABILITY', 'AOE_LAND_REQUIREMENTS', 0, 0),
            ('MOD_ABILITY_LILY_GREATS_YUYU_BUFF_ATK', 'MODIFIER_UNIT_ADJUST_COMBAT_STRENGTH', 'UNIT_STRONG_WHEN_ATTACKING_REQUIREMENTS', 0, 0),
            ('MOD_ABILITY_LILY_GREATS_YUYU_BUFF_DEF', 'MODIFIER_UNIT_ADJUST_COMBAT_STRENGTH', 'REQSET_MOD_ABILITY_LILY_GREATS_YUYU_BUFF_DEF', 0, 0),
            ('MOD_AL_GP_YUYU_ACTION_DAMAGE_ENEMY', 'MODIFIER_WORLD_UNITS_ADJUST_DAMAGE', 'AOE_ENEMY_REQUIREMENTS', 1, 1),
            ('MOD_AL_GP_YUYU_ACTION_DAMAGE_FRIEND', 'MODIFIER_PLAYER_UNITS_ADJUST_DAMAGE', 'REQSET_MOD_AL_GP_YUYU_ACTION_DAMAGE_FRIEND', 1, 1),
        --kaede
            ('MOD_AL_GP_KAEDE_BIRTH_BUFF', 'MODIFIER_PLAYER_UNITS_GRANT_ABILITY', 'AOE_LAND_REQUIREMENTS', 0, 0),
            ('MOD_ABILITY_LILY_GREATS_KAEDE_BUFF_FLANKING', 'MODIFIER_PLAYER_UNIT_ADJUST_FLANKING_BONUS_MODIFIER', NULL, 0, 0),
            ('MOD_ABILITY_LILY_GREATS_KAEDE_BUFF_SIGHT', 'MODIFIER_PLAYER_UNIT_ADJUST_SIGHT', NULL, 0, 0),
            ('MOD_AL_GP_KAEDE_ACTION_DOLL', 'MODIFIER_SINGLE_CITY_GRANT_RESOURCE_IN_CITY', NULL, 1, 1),
            ('MOD_AL_GP_KAEDE_ACTION_INTERNATIONAL_ROUTE', 'MODIFIER_PLAYER_CITIES_ADJUST_TRADE_ROUTE_YIELD_PER_DESTINATION_LUXURY_FOR_INTERNATIONAL', NULL, 0, 1),
        --riri
            ('MOD_AL_GP_RIRI_BIRTH_BUFF', 'MODIFIER_PLAYER_UNITS_ADJUST_HEAL_PER_TURN', 'MEDIC_HEALING_REQUIREMENTS', 0, 0),
            ('MOD_AL_GP_RIRI_ACTION_RAMUNE', 'MODIFIER_SINGLE_CITY_GRANT_RESOURCE_IN_CITY', NULL, 1, 1),
            ('MOD_AL_GP_RIRI_ACTION_CHARISMA_RIRI', 'MODIFIER_PLAYER_DIPLOMACY_SIMPLE_MODIFIER', 'REQSET_AL_LEADER_IS_RIRI', 0, 1),
            ('MOD_AL_GP_RIRI_ACTION_CHARISMA_KANAHO', 'MODIFIER_PLAYER_DIPLOMACY_SIMPLE_MODIFIER', 'REQSET_AL_LEADER_IS_KANAHO', 0, 1),
        --tadusa
            ('MOD_AL_GP_TADUSA_BIRTH_1', 'MODIFIER_PLAYER_UNITS_ATTACH_MODIFIER', 'REQSET_AL_GARNT_ADJACENT_ALL_UNIT_1_PLOT', 0, 0),
            ('MOD_AL_GP_TADUSA_BIRTH_2', 'MODIFIER_PLAYER_UNITS_ATTACH_MODIFIER', 'REQSET_AL_GARNT_ADJACENT_ALL_UNIT_2_3_PLOT', 0, 0),
            ('BUFF_AL_GP_TADUSA_BIRTH_1', 'MODIFIER_UNIT_ADJUST_COMBAT_STRENGTH', NULL, 0, 0),
            ('BUFF_AL_GP_TADUSA_BIRTH_2', 'MODIFIER_UNIT_ADJUST_COMBAT_STRENGTH', NULL, 0, 0),
            ('MOD_AL_GP_TADUSA_ACTION_DAMAGE_ENEMY', 'MODIFIER_WORLD_UNITS_ADJUST_DAMAGE', 'AOE_ENEMY_REQUIREMENTS', 1, 1),
            ('MOD_AL_GP_TADUSA_ACTION_DAMAGE_FRIEND', 'MODIFIER_PLAYER_UNITS_ADJUST_DAMAGE', 'REQSET_MOD_AL_GP_YUYU_ACTION_DAMAGE_FRIEND', 1, 1);

    INSERT INTO ModifierArguments
        (ModifierId, Name, Value) VALUES
        ('MOD_AL_YURI_DIED_1', 'BuildingType', 'BUILDING_AL_SAKURA'),
            ('MOD_AL_YURI_DIED_1', 'YieldType', 'YIELD_FAITH'),
            ('MOD_AL_YURI_DIED_1', 'Amount', 4),
            ('MOD_AL_YURI_DIED_2', 'ModifierId', 'BUFF_AL_YURI_DIED_2'),

            ('BUFF_AL_YURI_DIED_2', 'Amount', 10),

        ('MOD_AL_GP_MOYU_ACTION_BUFF', 'Amount', 2),
        --mai
            ('MOD_AL_GP_MILIAM_ACTION_BUFF_1', 'BuildingType', 'BUILDING_AL_ARSENAL'),
            ('MOD_AL_GP_MILIAM_ACTION_BUFF_1', 'YieldType', 'YIELD_PRODUCTION'),
            ('MOD_AL_GP_MILIAM_ACTION_BUFF_1', 'Amount', 4),

            ('MOD_AL_GP_MILIAM_ACTION_BUFF_2', 'Source', 'CAPTURED_CITY'),
            ('MOD_AL_GP_MILIAM_ACTION_BUFF_2', 'Amount', 2),

            ('MOD_LILY_GREATS_MILIAM_BUFF', 'Amount', 10),

            ('MOD_AL_GP_MILIAM_BIRTH_BUFF', 'AbilityType', 'ABILITY_LILY_GREATS_MILIAM_BUFF'),
        --mai
            ('MOD_AL_GP_YUJIA_BIRTH_BUFF', 'AbilityType', 'ABILITY_LILY_GREATS_YUJIA_BUFF'),
            ('MOD_AL_GP_YUJIA_ACTION_BUFF', 'Delta', 1),
            ('MOD_AL_GP_YUJIA_ACTION_BUFF', 'Amount', 1),
            ('MOD_LILY_GREATS_YUJIA_BUFF', 'Ignore', 1),
        --mai
            ('MOD_AL_GP_SHENLIN_BIRTH_BUFF', 'AbilityType', 'ABILITY_LILY_GREATS_SHENLIN_BUFF'),
            ('MOD_AL_GP_SHENLIN_ACTION_BUFF', 'Delta', 1),
            ('MOD_AL_GP_SHENLIN_ACTION_BUFF', 'Amount', 1),
            ('MOD_LILY_GREATS_SHENLIN_BUFF', 'Amount', 2),
        --mai
            ('MOD_AL_GP_KANAHO_BIRTH_BUFF', 'AbilityType', 'ABILITY_LILY_GREATS_KANAHO_BUFF'),
            ('MOD_AL_GP_KANAHO_ACTION_BUFF', 'Delta', 1),
            ('MOD_AL_GP_KANAHO_ACTION_BUFF', 'Amount', 1),
            ('MOD_LILY_GREATS_KANAHO_BUFF', 'Amount', 2),
        --mai
            ('MOD_AL_GP_TAKANE_BIRTH_BUFF', 'AbilityType', 'ABILITY_LILY_GREATS_TAKANE_BUFF'),
            ('MOD_AL_GP_TAKANE_ACTION_BUFF', 'Delta', 1),
            ('MOD_AL_GP_TAKANE_ACTION_BUFF', 'Amount', 1),
            ('MOD_LILY_GREATS_TAKANE_BUFF', 'Amount', 7),
        --mai
            ('MOD_AL_GP_MAI_BIRTH_BUFF', 'AbilityType', 'ABILITY_LILY_GREATS_MAI_BUFF'),
            ('MOD_AL_GP_MAI_ACTION_BUFF', 'AbilityType', 'ABILITY_LILY_GREATS_MAI_ACTION_BUFF'),
            ('MOD_LILY_GREATS_MAI_BUFF', 'Range', 3),
            ('MOD_LILY_GREATS_MAI_ACTION_BUFF', 'Amount', 1),
        --fumi
            ('MOD_AL_GP_FUMI_BIRTH_BUFF', 'AbilityType', 'ABILITY_LILY_GREATS_FUMI_BUFF'),
            ('MOD_ABILITY_LILY_GREATS_FUMI_BUFF_ATK', 'Amount', 5),
            ('MOD_ABILITY_LILY_GREATS_FUMI_BUFF_SIGHT', 'Amount', 1),
            ('MOD_AL_GP_FUMI_ACTION_BUFF', 'AbilityType', 'ABILITY_LILY_GREATS_FUMI_ACTION_BUFF'),
            ('MOD_ABILITY_LILY_GREATS_FUMI_ACTION_BUFF_SIGHT', 'Amount', 3),
            ('MOD_ABILITY_LILY_GREATS_FUMI_ACTION_BUFF_ATK_DISTRICT', 'Amount', 5),
        --yuyu
            ('MOD_AL_GP_YUYU_BIRTH_BUFF', 'AbilityType', 'ABILITY_LILY_GREATS_YUYU_BUFF'),
            ('MOD_ABILITY_LILY_GREATS_YUYU_BUFF_ATK', 'Amount', 10),
            ('MOD_ABILITY_LILY_GREATS_YUYU_BUFF_DEF', 'Amount', -5),
            ('MOD_AL_GP_YUYU_ACTION_DAMAGE_ENEMY', 'Amount', 75),
            ('MOD_AL_GP_YUYU_ACTION_DAMAGE_FRIEND', 'Amount', 30),
        --kaede
            ('MOD_AL_GP_KAEDE_BIRTH_BUFF', 'AbilityType', 'ABILITY_LILY_GREATS_KAEDE_BUFF'),
            ('MOD_ABILITY_LILY_GREATS_KAEDE_BUFF_FLANKING', 'Percent', 100),
            ('MOD_ABILITY_LILY_GREATS_KAEDE_BUFF_SIGHT', 'Amount', 1),
            ('MOD_AL_GP_KAEDE_ACTION_DOLL', 'ResourceType', 'RESOURCE_AL_DOLL'),
            ('MOD_AL_GP_KAEDE_ACTION_DOLL', 'Amount', 2),
            ('MOD_AL_GP_KAEDE_ACTION_INTERNATIONAL_ROUTE', 'YieldType', 'YIELD_CULTURE'),
            ('MOD_AL_GP_KAEDE_ACTION_INTERNATIONAL_ROUTE', 'Amount', 2),
        --riri
            ('MOD_AL_GP_RIRI_BIRTH_BUFF', 'Type', 'ALL'),
            ('MOD_AL_GP_RIRI_BIRTH_BUFF', 'Amount', 15),
            ('MOD_AL_GP_RIRI_ACTION_RAMUNE', 'ResourceType', 'RESOURCE_AL_RAMUNE'),
            ('MOD_AL_GP_RIRI_ACTION_RAMUNE', 'Amount', 2),
            ('MOD_AL_GP_RIRI_ACTION_CHARISMA_KANAHO', 'InitialValue', 10),
            ('MOD_AL_GP_RIRI_ACTION_CHARISMA_KANAHO', 'StatementKey', 'LOC_DIPLO_KUDO_LEADER_AL_GP_CHARISMA_RIRI_WELCOME_REASON_ANY'),
            ('MOD_AL_GP_RIRI_ACTION_CHARISMA_KANAHO', 'SimpleModifierDescription', 'LOC_DIPLO_MODIFIER_DESCRIPTION_AL_GP_CHARISMA_RIRI_WELCOME'),

            ('MOD_AL_GP_RIRI_ACTION_CHARISMA_RIRI', 'InitialValue', 10),
            ('MOD_AL_GP_RIRI_ACTION_CHARISMA_RIRI', 'StatementKey', 'LOC_DIPLO_KUDO_LEADER_AL_GP_CHARISMA_RIRI_WELCOME_REASON_ANY'),
            ('MOD_AL_GP_RIRI_ACTION_CHARISMA_RIRI', 'SimpleModifierDescription', 'LOC_DIPLO_MODIFIER_DESCRIPTION_AL_GP_CHARISMA_RIRI_WELCOME'),
        --tadusa
            ('MOD_AL_GP_TADUSA_BIRTH_1', 'ModifierId', 'BUFF_AL_GP_TADUSA_BIRTH_1'),
            ('MOD_AL_GP_TADUSA_BIRTH_2', 'ModifierId', 'BUFF_AL_GP_TADUSA_BIRTH_2'),
            ('BUFF_AL_GP_TADUSA_BIRTH_1', 'Amount', -5),
            ('BUFF_AL_GP_TADUSA_BIRTH_2', 'Amount', 10),
            ('MOD_AL_GP_TADUSA_ACTION_DAMAGE_ENEMY', 'Amount', 40),
            ('MOD_AL_GP_TADUSA_ACTION_DAMAGE_FRIEND', 'Amount', -50);

INSERT INTO ModifierStrings
    (ModifierId, Context, Text) VALUES
    ('BUFF_AL_YURI_DIED_2', 'Preview', '+{1_Amount} {LOC_MOD_YURI_DIED}'),
    --shenlin
            ('MOD_AL_GP_MOYU_ACTION_BUFF', 'Summary', 'LOC_MOD_AL_GP_MOYU_ACTION_BUFF_SUMMARY'),
    --shenlin
            ('MOD_AL_GP_MILIAM_BIRTH_BUFF', 'Summary', 'LOC_MOD_AL_GP_MILIAM_BIRTH_BUFF_SUMMARY'),
            ('MOD_AL_GP_MILIAM_ACTION_BUFF_1', 'Summary', 'LOC_MOD_AL_GP_MILIAM_ACTION_BUFF_1_SUMMARY'),

            --shenlin
            ('MOD_AL_GP_KANAHO_BIRTH_BUFF', 'Summary', 'LOC_MOD_AL_GP_KANAHO_BIRTH_BUFF_SUMMARY'),
            ('MOD_AL_GP_KANAHO_ACTION_BUFF', 'Summary', 'LOC_MOD_AL_GP_KANAHO_ACTION_BUFF_1_SUMMARY'),
            --shenlin
            ('MOD_AL_GP_TAKANE_BIRTH_BUFF', 'Summary', 'LOC_MOD_AL_GP_TAKANE_BIRTH_BUFF_SUMMARY'),
            ('MOD_AL_GP_TAKANE_ACTION_BUFF', 'Summary', 'LOC_MOD_AL_GP_TAKANE_ACTION_BUFF_1_SUMMARY'),
    --shenlin
            ('MOD_AL_GP_YUJIA_BIRTH_BUFF', 'Summary', 'LOC_MOD_AL_GP_YUJIA_BIRTH_BUFF_SUMMARY'),
            ('MOD_AL_GP_YUJIA_ACTION_BUFF', 'Summary', 'LOC_MOD_AL_GP_YUJIA_ACTION_BUFF_SUMMARY'),
        --shenlin
            ('MOD_AL_GP_SHENLIN_BIRTH_BUFF', 'Summary', 'LOC_MOD_AL_GP_SHENLIN_BIRTH_BUFF_SUMMARY'),
            ('MOD_AL_GP_SHENLIN_ACTION_BUFF', 'Summary', 'LOC_MOD_AL_GP_SHENLIN_ACTION_BUFF_SUMMARY'),
        --mai
            ('MOD_AL_GP_MAI_BIRTH_BUFF', 'Summary', 'LOC_MOD_AL_GP_MAI_BIRTH_BUFF_SUMMARY'),
            ('MOD_AL_GP_MAI_ACTION_BUFF', 'Summary', 'LOC_MOD_AL_GP_MAI_ACTION_BUFF_SUMMARY'),
        --fumi
            ('MOD_AL_GP_FUMI_BIRTH_BUFF', 'Summary', 'LOC_MOD_AL_GP_FUMI_BIRTH_BUFF_SUMMARY'),
            ('MOD_AL_GP_FUMI_ACTION_BUFF', 'Summary', 'LOC_MOD_AL_GP_FUMI_ACTION_BUFF_SUMMARY'),
            ('MOD_ABILITY_LILY_GREATS_FUMI_BUFF_ATK', 'Preview', 'LOC_MOD_ABILITY_LILY_GREATS_FUMI_BUFF_ATK'),
            ('MOD_ABILITY_LILY_GREATS_FUMI_ACTION_BUFF_ATK_DISTRICT', 'Preview', 'LOC_MOD_ABILITY_LILY_GREATS_FUMI_ACTION_BUFF_ATK_DISTRICT'),
        --yuyu
            ('MOD_AL_GP_YUYU_BIRTH_BUFF', 'Summary', 'LOC_MOD_AL_GP_YUYU_BIRTH_BUFF_SUMMARY'),
            ('MOD_ABILITY_LILY_GREATS_YUYU_BUFF_ATK', 'Preview', 'LOC_ABILITY_STRONG_WHEN_ATTACKING_DESCRIPTION'),
            ('MOD_ABILITY_LILY_GREATS_YUYU_BUFF_DEF', 'Preview', 'LOC_ABILITY_WEAK_WHEN_DEFENDING_DESCRIPTION'),
            ('MOD_AL_GP_YUYU_ACTION_DAMAGE_ENEMY', 'Summary', 'LOC_MOD_AL_GP_YUYU_ACTION_DAMAGE_ENEMY_SUMMARY'),
        --kaede
            ('MOD_AL_GP_KAEDE_BIRTH_BUFF', 'Summary', 'LOC_MOD_AL_GP_KAEDE_BIRTH_BUFF_SUMMARY'),
            ('MOD_AL_GP_KAEDE_ACTION_DOLL', 'Summary', 'LOC_MOD_AL_GP_KAEDE_ACTION_DOLL_SUMMARY'),
        --riri
            ('MOD_AL_GP_RIRI_BIRTH_BUFF', 'Summary', 'LOC_MOD_AL_GP_RIRI_BIRTH_BUFF_SUMMARY'),
            ('MOD_AL_GP_RIRI_ACTION_RAMUNE', 'Summary', 'LOC_MOD_AL_GP_RIRI_ACTION_RAMUNE_SUMMARY'),
            ('MOD_AL_GP_RIRI_ACTION_CHARISMA_RIRI', 'Sample', 'LOC_TOOLTIP_SAMPLE_DIPLOMACY_ALL'),
            ('MOD_AL_GP_RIRI_ACTION_CHARISMA_KANAHO', 'Sample', 'LOC_TOOLTIP_SAMPLE_DIPLOMACY_ALL'),
        --tadusa
            ('BUFF_AL_GP_TADUSA_BIRTH_1', 'Preview', '+{1_Amount} {LOC_BUFF_AL_GP_TADUSA_BIRTH_1}'),
            ('BUFF_AL_GP_TADUSA_BIRTH_2', 'Preview', '+{1_Amount} {LOC_BUFF_AL_GP_TADUSA_BIRTH_2}'),
            ('MOD_AL_GP_TADUSA_BIRTH_1', 'Summary', 'LOC_MOD_AL_GP_TADUSA_BIRTH_1_SUMMARY'),
            ('MOD_AL_GP_TADUSA_ACTION_DAMAGE_ENEMY', 'Summary', 'LOC_MOD_AL_GP_TADUSA_ACTION_DAMAGE_ENEMY_SUMMARY');
    INSERT INTO DiplomaticVisibilitySources
        (VisibilitySourceType, Description, ActionDescription, GossipString,PrereqTech) VALUES
        ('SOURCE_HAWKEYE', 'LOC_VIZSOURCE_HAWKEYE', 'LOC_VIZSOURCE_ACTION_HAWKEYE', 'LOC_GOSSIP_SOURCE_HAWKEYE','TECH_PRINTING');
--REQUIRES
    INSERT INTO RequirementSets
        (RequirementSetId, RequirementSetType) VALUES
        --yuyu
        ('REQSET_MOD_ABILITY_LILY_GREATS_YUYU_BUFF_DEF', 'REQUIREMENTSET_TEST_ALL'),
        ('REQSET_MOD_AL_GP_YUYU_ACTION_DAMAGE_FRIEND', 'REQUIREMENTSET_TEST_ALL');

    INSERT INTO RequirementSetRequirements
        (RequirementSetId, RequirementId) VALUES
        --yuyu
        ('REQSET_MOD_ABILITY_LILY_GREATS_YUYU_BUFF_DEF', 'PLAYER_IS_DEFENDER_REQUIREMENTS'),
        ('REQSET_MOD_ABILITY_LILY_GREATS_YUYU_BUFF_DEF', 'MELEE_COMBAT_REQUIREMENTS'),
        ('REQSET_MOD_AL_GP_YUYU_ACTION_DAMAGE_FRIEND', 'AOE_REQUIRES_OWNER_ADJACENCY');

--ABILITIES

    INSERT INTO TypeTags
        (Type, Tag) VALUES
        --MILIAM
        ('ABILITY_LILY_GREATS_MILIAM_BUFF', 'CLASS_ALL_COMBAT_UNITS'),
        --shenlin
        ('ABILITY_LILY_GREATS_YUJIA_BUFF', 'CLASS_ALL_COMBAT_UNITS'),
        --shenlin
        ('ABILITY_LILY_GREATS_SHENLIN_BUFF', 'CLASS_ALL_COMBAT_UNITS'),
        ('ABILITY_LILY_GREATS_KANAHO_BUFF', 'CLASS_ALL_COMBAT_UNITS'),
        ('ABILITY_LILY_GREATS_TAKANE_BUFF', 'CLASS_ALL_COMBAT_UNITS'),
        --mai
        ('ABILITY_LILY_GREATS_MAI_BUFF', 'CLASS_ALL_COMBAT_UNITS'),
        ('ABILITY_LILY_GREATS_MAI_ACTION_BUFF', 'CLASS_ALL_COMBAT_UNITS'),
        --fumi
        ('ABILITY_LILY_GREATS_FUMI_BUFF', 'CLASS_ALL_COMBAT_UNITS'),
        ('ABILITY_LILY_GREATS_FUMI_ACTION_BUFF', 'CLASS_ALL_COMBAT_UNITS'),
        --yuyu
        ('ABILITY_LILY_GREATS_YUYU_BUFF', 'CLASS_ALL_COMBAT_UNITS'),
        --kaede
        ('ABILITY_LILY_GREATS_KAEDE_BUFF', 'CLASS_ALL_COMBAT_UNITS');

    INSERT INTO UnitAbilities
        (UnitAbilityType, Name, Description, Inactive, Permanent) VALUES
        --MILIAM
        ('ABILITY_LILY_GREATS_MILIAM_BUFF', 'LOC_ABILITY_LILY_GREATS_MILIAM_BUFF_NAME', 'LOC_ABILITY_LILY_GREATS_MILIAM_BUFF_NAME', 1, 0),
        --mai
        ('ABILITY_LILY_GREATS_YUJIA_BUFF', 'LOC_ABILITY_LILY_GREATS_YUJIA_BUFF_NAME', 'LOC_ABILITY_LILY_GREATS_YUJIA_BUFF_DESCRIPTION', 1, 0),
        --mai
        ('ABILITY_LILY_GREATS_SHENLIN_BUFF', 'LOC_ABILITY_LILY_GREATS_SHENLIN_BUFF_NAME', 'LOC_ABILITY_LILY_GREATS_SHENLIN_BUFF_DESCRIPTION', 1, 0),
        --mai
        ('ABILITY_LILY_GREATS_KANAHO_BUFF', 'LOC_ABILITY_LILY_GREATS_KANAHO_BUFF_NAME', 'LOC_ABILITY_LILY_GREATS_KANAHO_BUFF_NAME', 1, 0),
        --mai
        ('ABILITY_LILY_GREATS_TAKANE_BUFF', 'LOC_ABILITY_LILY_GREATS_TAKANE_BUFF_NAME', 'LOC_ABILITY_LILY_GREATS_TAKANE_BUFF_NAME', 1, 0),
        --mai
        ('ABILITY_LILY_GREATS_MAI_BUFF', 'LOC_ABILITY_LILY_GREATS_MAI_BUFF_NAME', 'LOC_ABILITY_LILY_GREATS_MAI_BUFF_DESCRIPTION', 1, 0),
        ('ABILITY_LILY_GREATS_MAI_ACTION_BUFF', 'LOC_ABILITY_LILY_GREATS_MAI_ACTION_BUFF_NAME', 'LOC_ABILITY_LILY_GREATS_MAI_ACTION_BUFF_DESCRIPTION', 1, 0),
        --fumi
        ('ABILITY_LILY_GREATS_FUMI_BUFF', 'LOC_ABILITY_LILY_GREATS_FUMI_BUFF_NAME', 'LOC_ABILITY_LILY_GREATS_FUMI_BUFF_DESCRIPTION', 1, 0),
        ('ABILITY_LILY_GREATS_FUMI_ACTION_BUFF', 'LOC_ABILITY_LILY_GREATS_FUMI_ACTION_BUFF_NAME', 'LOC_ABILITY_LILY_GREATS_FUMI_ACTION_BUFF_DESCRIPTION', 1, 0),
        --yuyu
        ('ABILITY_LILY_GREATS_YUYU_BUFF', 'LOC_ABILITY_LILY_GREATS_YUYU_BUFF_NAME', 'LOC_ABILITY_LILY_GREATS_YUYU_BUFF_DESCRIPTION', 1, 0),
        --kaede
        ('ABILITY_LILY_GREATS_KAEDE_BUFF', 'LOC_ABILITY_LILY_GREATS_KAEDE_BUFF_NAME', 'LOC_ABILITY_LILY_GREATS_KAEDE_BUFF_DESCRIPTION', 1, 0);

    INSERT INTO UnitAbilityModifiers
        (UnitAbilityType, ModifierId) VALUES
        --MILIAM
            ('ABILITY_LILY_GREATS_MILIAM_BUFF', 'MOD_LILY_GREATS_MILIAM_BUFF'),
        --mai
            ('ABILITY_LILY_GREATS_YUJIA_BUFF', 'MOD_LILY_GREATS_YUJIA_BUFF'),
        --mai
            ('ABILITY_LILY_GREATS_SHENLIN_BUFF', 'MOD_LILY_GREATS_SHENLIN_BUFF'),
        --mai
            ('ABILITY_LILY_GREATS_KANAHO_BUFF', 'MOD_LILY_GREATS_KANAHO_BUFF'),
            --mai
            ('ABILITY_LILY_GREATS_TAKANE_BUFF', 'MOD_LILY_GREATS_TAKANE_BUFF'),
        --mai
            ('ABILITY_LILY_GREATS_MAI_BUFF', 'MOD_LILY_GREATS_MAI_BUFF'),
            ('ABILITY_LILY_GREATS_MAI_ACTION_BUFF', 'MOD_LILY_GREATS_MAI_ACTION_BUFF'),
        --fumi
            ('ABILITY_LILY_GREATS_FUMI_BUFF', 'MOD_ABILITY_LILY_GREATS_FUMI_BUFF_ATK'),
            ('ABILITY_LILY_GREATS_FUMI_BUFF', 'MOD_ABILITY_LILY_GREATS_FUMI_BUFF_SIGHT'),
            ('ABILITY_LILY_GREATS_FUMI_ACTION_BUFF', 'MOD_ABILITY_LILY_GREATS_FUMI_ACTION_BUFF_SIGHT'),
            ('ABILITY_LILY_GREATS_FUMI_ACTION_BUFF', 'MOD_ABILITY_LILY_GREATS_FUMI_ACTION_BUFF_ATK_DISTRICT'),
        --yuyu
            ('ABILITY_LILY_GREATS_YUYU_BUFF', 'MOD_ABILITY_LILY_GREATS_YUYU_BUFF_ATK'),
            ('ABILITY_LILY_GREATS_YUYU_BUFF', 'MOD_ABILITY_LILY_GREATS_YUYU_BUFF_DEF'),
        --kaede
            ('ABILITY_LILY_GREATS_KAEDE_BUFF', 'MOD_ABILITY_LILY_GREATS_KAEDE_BUFF_FLANKING'),
            ('ABILITY_LILY_GREATS_KAEDE_BUFF', 'MOD_ABILITY_LILY_GREATS_KAEDE_BUFF_SIGHT');

    INSERT INTO UnitAiInfos
        (UnitType, AiType) VALUES
        ('UNIT_AL_LILY', 'UNITTYPE_MELEE');

    INSERT INTO Units_XP2
        (UnitType, CanFormMilitaryFormation, CanEarnExperience) VALUES
        ('UNIT_AL_LILY', 0,0),
        ('UNIT_AL_NEKO', 0,0);

    

    INSERT INTO Units
        (UnitType, BaseMoves, Cost, AdvisorType, BaseSightRange, ZoneOfControl, Domain, FormationClass, Name, Description, PromotionClass, Combat, RangedCombat, Range, CanCapture, CanTrain, CanRetreatWhenCaptured) VALUES 
        ('UNIT_AL_LILY', 4, 1, 'ADVISOR_CONQUEST', 3, 1, 'DOMAIN_LAND', 'FORMATION_CLASS_LAND_COMBAT', 'LOC_UNIT_AL_LILY_NAME', 'LOC_UNIT_AL_LILY_DESCRIPTION', 'PROMOTION_CLASS_RECON', 30, 30, 1, 0, 0, 1);
