-- Shirai Yuyu
INSERT INTO Types
(Type, Kind) VALUES 
('GOVERNOR_AL_YUYU', 'KIND_GOVERNOR'),
('GOVERNOR_PROMOTION_AL_YUYU_1', 'KIND_GOVERNOR_PROMOTION'),
('GOVERNOR_PROMOTION_AL_YUYU_2', 'KIND_GOVERNOR_PROMOTION'),
('GOVERNOR_PROMOTION_AL_YUYU_3', 'KIND_GOVERNOR_PROMOTION'),
('GOVERNOR_PROMOTION_AL_YUYU_4', 'KIND_GOVERNOR_PROMOTION'),
('GOVERNOR_PROMOTION_AL_YUYU_5', 'KIND_GOVERNOR_PROMOTION'),
('GOVERNOR_PROMOTION_AL_YUYU_6', 'KIND_GOVERNOR_PROMOTION'),
('ABILITY_AL_GOV_YUYU_TRAINED_UNIT_XP', 'KIND_ABILITY'),
('ABILITY_AL_GOV_YUYU_UNIT_CANMOVE', 'KIND_ABILITY'),
('ABILITY_AL_GOV_YUYU_UNIT_BATTLE', 'KIND_ABILITY');

INSERT INTO TypeTags
(Type, Tag) VALUES
('ABILITY_AL_GOV_YUYU_TRAINED_UNIT_XP', 'CLASS_RECON'),
('ABILITY_AL_GOV_YUYU_TRAINED_UNIT_XP', 'CLASS_MELEE'),
('ABILITY_AL_GOV_YUYU_TRAINED_UNIT_XP', 'CLASS_ANTI_CAVALRY'),
('ABILITY_AL_GOV_YUYU_TRAINED_UNIT_XP', 'CLASS_HEAVY_CAVALRY'),
('ABILITY_AL_GOV_YUYU_TRAINED_UNIT_XP', 'CLASS_LIGHT_CAVALRY'),
('ABILITY_AL_GOV_YUYU_TRAINED_UNIT_XP', 'CLASS_RANGED'),
('ABILITY_AL_GOV_YUYU_UNIT_CANMOVE', 'CLASS_MELEE'),
('ABILITY_AL_GOV_YUYU_UNIT_CANMOVE', 'CLASS_ANTI_CAVALRY'),
('ABILITY_AL_GOV_YUYU_UNIT_CANMOVE', 'CLASS_RECON'),
('ABILITY_AL_GOV_YUYU_UNIT_CANMOVE', 'CLASS_HEAVY_CAVALRY'),
('ABILITY_AL_GOV_YUYU_UNIT_CANMOVE', 'CLASS_LIGHT_CAVALRY'),
('ABILITY_AL_GOV_YUYU_UNIT_CANMOVE', 'CLASS_RANGED'),
('ABILITY_AL_GOV_YUYU_UNIT_BATTLE', 'CLASS_RANGED');

INSERT INTO UnitAbilities
(UnitAbilityType, Name, Description, Inactive) VALUES 
('ABILITY_AL_GOV_YUYU_TRAINED_UNIT_XP', 'LOC_ABILITY_AL_GOV_YUYU_TRAINED_UNIT_XP_NAME', 'LOC_ABILITY_AL_GOV_YUYU_TRAINED_UNIT_XP_DESCRIPTION', 1),
('ABILITY_AL_GOV_YUYU_UNIT_CANMOVE', 'LOC_ABILITY_AL_GOV_YUYU_UNIT_CANMOVE_NAME', 'LOC_ABILITY_AL_GOV_YUYU_UNIT_CANMOVE_DESCRIPTION', 1),
('ABILITY_AL_GOV_YUYU_UNIT_BATTLE', 'LOC_ABILITY_AL_GOV_YUYU_UNIT_BATTLE_NAME', 'LOC_ABILITY_AL_GOV_YUYU_UNIT_BATTLE_DESCRIPTION', 1);

INSERT INTO UnitAbilityModifiers
(UnitAbilityType, ModifierId) VALUES 
('ABILITY_AL_GOV_YUYU_TRAINED_UNIT_XP', 'ABILITY_AL_GOV_YUYU_TRAINED_UNIT_XP_BUFF'),
('ABILITY_AL_GOV_YUYU_UNIT_CANMOVE', 'ABILITY_AL_GOV_YUYU_UNIT_CANMOVE_BUFF'),
('ABILITY_AL_GOV_YUYU_UNIT_BATTLE', 'ABILITY_AL_GOV_YUYU_UNIT_BATTLE_ATTACK_BUFF'),
('ABILITY_AL_GOV_YUYU_UNIT_BATTLE', 'ABILITY_AL_GOV_YUYU_UNIT_BATTLE_DEFENSE_BUFF');

INSERT INTO Governors
(GovernorType, Image, Name, Title, ShortTitle, Description, IdentityPressure, TransitionStrength, AssignCityState, PortraitImage, PortraitImageSelected, TraitType) VALUES 
('GOVERNOR_AL_YUYU', 'ICON_GOVERNOR_AL_YUYU_SELECTED', 'LOC_GOVERNOR_AL_YUYU_NAME', 'LOC_GOVERNOR_AL_YUYU_TITLE', 'LOC_GOVERNOR_AL_YUYU_SHORT_TITLE', 'LOC_GOVERNOR_AL_YUYU_DESCRIPTION', 8, 150, 0, 'ICON_GOVERNOR_AL_YUYU_NORMAL', 'ICON_GOVERNOR_AL_YUYU_SELECTED', 'TRAIT_LEADER_AL_CLOVER');

INSERT INTO GovernorPromotionSets
(GovernorType, GovernorPromotion) VALUES 
('GOVERNOR_AL_YUYU', 'GOVERNOR_PROMOTION_AL_YUYU_1'),
('GOVERNOR_AL_YUYU', 'GOVERNOR_PROMOTION_AL_YUYU_2'),
('GOVERNOR_AL_YUYU', 'GOVERNOR_PROMOTION_AL_YUYU_3'),
('GOVERNOR_AL_YUYU', 'GOVERNOR_PROMOTION_AL_YUYU_4'),
('GOVERNOR_AL_YUYU', 'GOVERNOR_PROMOTION_AL_YUYU_5'),
('GOVERNOR_AL_YUYU', 'GOVERNOR_PROMOTION_AL_YUYU_6');

INSERT INTO GovernorPromotions
(GovernorPromotionType, Name, Description, Level, Column, BaseAbility) VALUES 
('GOVERNOR_PROMOTION_AL_YUYU_1', 'LOC_GOVERNOR_PROMOTION_AL_YUYU_1_NAME', 'LOC_GOVERNOR_PROMOTION_AL_YUYU_1_DESCRIPTION', 0, 1, 1),
('GOVERNOR_PROMOTION_AL_YUYU_2', 'LOC_GOVERNOR_PROMOTION_AL_YUYU_2_NAME', 'LOC_GOVERNOR_PROMOTION_AL_YUYU_2_DESCRIPTION', 1, 0, 0),
('GOVERNOR_PROMOTION_AL_YUYU_3', 'LOC_GOVERNOR_PROMOTION_AL_YUYU_3_NAME', 'LOC_GOVERNOR_PROMOTION_AL_YUYU_3_DESCRIPTION', 1, 2, 0),
('GOVERNOR_PROMOTION_AL_YUYU_4', 'LOC_GOVERNOR_PROMOTION_AL_YUYU_4_NAME', 'LOC_GOVERNOR_PROMOTION_AL_YUYU_4_DESCRIPTION', 2, 0, 0),
('GOVERNOR_PROMOTION_AL_YUYU_5', 'LOC_GOVERNOR_PROMOTION_AL_YUYU_5_NAME', 'LOC_GOVERNOR_PROMOTION_AL_YUYU_5_DESCRIPTION', 2, 2, 0),
('GOVERNOR_PROMOTION_AL_YUYU_6', 'LOC_GOVERNOR_PROMOTION_AL_YUYU_6_NAME', 'LOC_GOVERNOR_PROMOTION_AL_YUYU_6_DESCRIPTION', 3, 1, 0);

INSERT INTO GovernorPromotionPrereqs
(GovernorPromotionType, PrereqGovernorPromotion) VALUES 
('GOVERNOR_PROMOTION_AL_YUYU_2', 'GOVERNOR_PROMOTION_AL_YUYU_1'),
('GOVERNOR_PROMOTION_AL_YUYU_3', 'GOVERNOR_PROMOTION_AL_YUYU_1'),
('GOVERNOR_PROMOTION_AL_YUYU_4', 'GOVERNOR_PROMOTION_AL_YUYU_2'),
('GOVERNOR_PROMOTION_AL_YUYU_5', 'GOVERNOR_PROMOTION_AL_YUYU_3'),
('GOVERNOR_PROMOTION_AL_YUYU_6', 'GOVERNOR_PROMOTION_AL_YUYU_4'),
('GOVERNOR_PROMOTION_AL_YUYU_6', 'GOVERNOR_PROMOTION_AL_YUYU_5');

INSERT INTO GovernorPromotionModifiers
(GovernorPromotionType, ModifierId) VALUES
('GOVERNOR_PROMOTION_AL_YUYU_1', 'ZONING_COMMISSIONER_FASTER_DISTRICT_CONSTRUCTION'),
('GOVERNOR_PROMOTION_AL_YUYU_1', 'LIBRARIAN_CULTURE_YIELD_BONUS'),
('GOVERNOR_PROMOTION_AL_YUYU_3', 'MOD_GOVERNOR_PROMOTION_AL_YUYU_1_ROUTECULTURE'),
('GOVERNOR_PROMOTION_AL_YUYU_4', 'MOD_GOVERNOR_PROMOTION_AL_YUYU_1_ROUTECAP'),
('GOVERNOR_PROMOTION_AL_YUYU_2', 'CITY_DEFENDER_ADJUST_ATTACKS_PER_TURN'),
('GOVERNOR_PROMOTION_AL_YUYU_2', 'MOD_GOVERNOR_PROMOTION_AL_YUYU_2_CITYCOMBAT'),
('GOVERNOR_PROMOTION_AL_YUYU_3', 'MOD_GOVERNOR_PROMOTION_AL_YUYU_3_EXP'),
('GOVERNOR_PROMOTION_AL_YUYU_3', 'MOD_GOVERNOR_PROMOTION_AL_YUYU_3_CANMOVE'),
('GOVERNOR_PROMOTION_AL_YUYU_4', 'CONNOISSEUR_CULTURE_CITIZEN'),
('GOVERNOR_PROMOTION_AL_YUYU_4', 'MOD_GOVERNOR_PROMOTION_AL_YUYU_4_LILYGREATS'),
('GOVERNOR_PROMOTION_AL_YUYU_4', 'MOD_GOVERNOR_PROMOTION_AL_YUYU_4_LILYGREATS_MODIFIER'),
('GOVERNOR_PROMOTION_AL_YUYU_5', 'PRESTIGE_IDENTITY_PRESSURE_TO_DOMESTIC_CITIES'),
('GOVERNOR_PROMOTION_AL_YUYU_5', 'DEFENSE_LOGISTICS_SIEGE_PROTECTION'),
('GOVERNOR_PROMOTION_AL_YUYU_6', 'MOD_GOVERNOR_PROMOTION_AL_YUYU_6_BATTLE'),
('GOVERNOR_PROMOTION_AL_YUYU_6', 'MOD_GOVERNOR_PROMOTION_AL_YUYU_6_MILITARY_GOVERNMENT_SLOT');

INSERT INTO RequirementSetRequirements
(RequirementSetId, RequirementId) VALUES
('REQSET_AL_CITY_HAS_THEATER', 'REQUIRES_CITY_HAS_THEATER_DISTRICT'),
('REQSET_AL_ATTACKER_IS_CITY', 'REQUIRES_COMBAT_IS_CITY_STRIKE'),
('REQSET_AL_YUYU_UNIT_BATTLE_DEFENSE', 'PLAYER_IS_DEFENDER_REQUIREMENTS');

INSERT INTO RequirementSets
(RequirementSetId, RequirementSetType) VALUES
('REQSET_AL_CITY_HAS_THEATER', 'REQUIREMENTSET_TEST_ALL'),
('REQSET_AL_ATTACKER_IS_CITY', 'REQUIREMENTSET_TEST_ALL'),
('REQSET_AL_YUYU_UNIT_BATTLE_DEFENSE', 'REQUIREMENTSET_TEST_ALL');


INSERT INTO Modifiers
(ModifierId, ModifierType, SubjectRequirementSetId, Permanent) VALUES 
('MOD_GOVERNOR_PROMOTION_AL_YUYU_1_ROUTECULTURE', 'MODIFIER_SINGLE_CITY_ADJUST_TRADE_ROUTE_YIELD_FOR_INTERNATIONAL', NULL, 0),
('MOD_GOVERNOR_PROMOTION_AL_YUYU_1_ROUTECAP', 'MODIFIER_PLAYER_ADJUST_TRADE_ROUTE_CAPACITY', 'REQSET_AL_CITY_HAS_THEATER', 0),
('MOD_GOVERNOR_PROMOTION_AL_YUYU_2_CITYCOMBAT', 'MODIFIER_EMERGENCY_COMBATS_ADJUST_ATTACKER_STRENGTH', 'REQSET_AL_ATTACKER_IS_CITY', 0),
('MOD_GOVERNOR_PROMOTION_AL_YUYU_3_EXP', 'MODIFIER_SINGLE_CITY_GRANT_ABILITY_FOR_TRAINED_UNITS', NULL, 1),
('MOD_GOVERNOR_PROMOTION_AL_YUYU_3_CANMOVE', 'MODIFIER_SINGLE_CITY_GRANT_ABILITY_FOR_TRAINED_UNITS', NULL, 1),
('ABILITY_AL_GOV_YUYU_TRAINED_UNIT_XP_BUFF', 'MODIFIER_PLAYER_UNIT_ADJUST_UNIT_EXPERIENCE_MODIFIER', NULL, 0),
('ABILITY_AL_GOV_YUYU_UNIT_CANMOVE_BUFF', 'MODIFIER_PLAYER_UNIT_ADJUST_ATTACK_AND_MOVE', NULL, 0),
('MOD_GOVERNOR_PROMOTION_AL_YUYU_4_LILYGREATS', 'MODIFIER_ALL_CITIES_ATTACH_MODIFIER', NULL, 0),
('MOD_GOVERNOR_PROMOTION_AL_YUYU_4_LILYGREATS_MODIFIER', 'MODIFIER_SINGLE_CITY_DISTRICTS_ADJUST_GREAT_PERSON_POINTS', 'DISTRICT_IS_THEATER', 0),
('MOD_GOVERNOR_PROMOTION_AL_YUYU_6_BATTLE', 'MODIFIER_SINGLE_CITY_GRANT_ABILITY_FOR_TRAINED_UNITS', NULL, 1),
('MOD_GOVERNOR_PROMOTION_AL_YUYU_6_MILITARY_GOVERNMENT_SLOT', 'MODIFIER_PLAYER_CULTURE_ADJUST_GOVERNMENT_SLOTS_MODIFIER', NULL, 0),
('ABILITY_AL_GOV_YUYU_UNIT_BATTLE_ATTACK_BUFF', 'MODIFIER_PLAYER_UNIT_ADJUST_COMBAT_FOR_NUMBER_NEIGHBORS', NULL, 0),
('ABILITY_AL_GOV_YUYU_UNIT_BATTLE_DEFENSE_BUFF', 'MODIFIER_UNIT_ADJUST_COMBAT_STRENGTH', 'REQSET_AL_YUYU_UNIT_BATTLE_DEFENSE', 0);

INSERT INTO ModifierArguments
(ModifierId, Name, Value) VALUES
('MOD_GOVERNOR_PROMOTION_AL_YUYU_1_ROUTECULTURE', 'YieldType', 'YIELD_CULTURE'),
('MOD_GOVERNOR_PROMOTION_AL_YUYU_1_ROUTECULTURE', 'Amount', 3),
('MOD_GOVERNOR_PROMOTION_AL_YUYU_1_ROUTECAP', 'Amount', 2),
('MOD_GOVERNOR_PROMOTION_AL_YUYU_2_CITYCOMBAT', 'Amount', 10),
('MOD_GOVERNOR_PROMOTION_AL_YUYU_3_EXP', 'AbilityType', 'ABILITY_AL_GOV_YUYU_TRAINED_UNIT_XP'),
('MOD_GOVERNOR_PROMOTION_AL_YUYU_3_CANMOVE', 'AbilityType', 'ABILITY_AL_GOV_YUYU_UNIT_CANMOVE'),
('ABILITY_AL_GOV_YUYU_TRAINED_UNIT_XP_BUFF', 'Amount', 25),
('ABILITY_AL_GOV_YUYU_UNIT_CANMOVE_BUFF', 'CanMove', 1),
('MOD_GOVERNOR_PROMOTION_AL_YUYU_4_LILYGREATS', 'ModifierId', 'MOD_GOVERNOR_PROMOTION_AL_YUYU_4_LILYGREATS_MODIFIER'),
('MOD_GOVERNOR_PROMOTION_AL_YUYU_4_LILYGREATS_MODIFIER', 'GreatPersonClassType', 'GREAT_PERSON_CLASS_AL_LILY'),
('MOD_GOVERNOR_PROMOTION_AL_YUYU_4_LILYGREATS_MODIFIER', 'Amount', 2),
('MOD_GOVERNOR_PROMOTION_AL_YUYU_6_BATTLE', 'AbilityType', 'ABILITY_AL_GOV_YUYU_UNIT_BATTLE'),
('ABILITY_AL_GOV_YUYU_UNIT_BATTLE_ATTACK_BUFF', 'Amount', 3),
('ABILITY_AL_GOV_YUYU_UNIT_BATTLE_DEFENSE_BUFF', 'Amount', 3),
('MOD_GOVERNOR_PROMOTION_AL_YUYU_6_MILITARY_GOVERNMENT_SLOT', 'GovernmentSlotType', 'SLOT_MILITARY');

INSERT INTO ModifierStrings
(ModifierId, Context, Text) VALUES
('MOD_GOVERNOR_PROMOTION_AL_YUYU_2_CITYCOMBAT', 'Preview', 'LOC_COMBAT_PREVIEW_MOD_GOVERNOR_PROMOTION_AL_YUYU_2_CITYCOMBAT_BUFF');

-- Kaede
INSERT INTO Types
(Type, Kind) VALUES 
('GOVERNOR_AL_KAEDE', 'KIND_GOVERNOR'),
('GOVERNOR_PROMOTION_AL_KAEDE_1', 'KIND_GOVERNOR_PROMOTION'),
('GOVERNOR_PROMOTION_AL_KAEDE_2', 'KIND_GOVERNOR_PROMOTION'),
('GOVERNOR_PROMOTION_AL_KAEDE_3', 'KIND_GOVERNOR_PROMOTION'),
('GOVERNOR_PROMOTION_AL_KAEDE_4', 'KIND_GOVERNOR_PROMOTION'),
('GOVERNOR_PROMOTION_AL_KAEDE_5', 'KIND_GOVERNOR_PROMOTION'),
('GOVERNOR_PROMOTION_AL_KAEDE_6', 'KIND_GOVERNOR_PROMOTION'),
('ABILITY_MOD_GOVERNOR_PROMOTION_AL_KAEDE_4', 'KIND_ABILITY'),
('ABILITY_MOD_GOVERNOR_PROMOTION_AL_KAEDE_6', 'KIND_ABILITY');

INSERT INTO TypeTags
(Type, Tag) VALUES
('ABILITY_MOD_GOVERNOR_PROMOTION_AL_KAEDE_4', 'CLASS_RECON'),
('ABILITY_MOD_GOVERNOR_PROMOTION_AL_KAEDE_6', 'CLASS_RANGED');

INSERT INTO UnitAbilities
(UnitAbilityType, Name, Description, Inactive) VALUES 
('ABILITY_MOD_GOVERNOR_PROMOTION_AL_KAEDE_4', 'LOC_ABILITY_MOD_GOVERNOR_PROMOTION_AL_KAEDE_4_NAME', 'LOC_ABILITY_MOD_GOVERNOR_PROMOTION_AL_KAEDE_4_DESCRIPTION', 1),
('ABILITY_MOD_GOVERNOR_PROMOTION_AL_KAEDE_6', 'LOC_ABILITY_MOD_GOVERNOR_PROMOTION_AL_KAEDE_6_NAME', 'LOC_ABILITY_MOD_GOVERNOR_PROMOTION_AL_KAEDE_6_DESCRIPTION', 1);

INSERT INTO UnitAbilityModifiers
(UnitAbilityType, ModifierId) VALUES 
('ABILITY_MOD_GOVERNOR_PROMOTION_AL_KAEDE_4', 'ABILITY_MOD_GOVERNOR_PROMOTION_AL_KAEDE_4_BUFF_SIGHT'),
('ABILITY_MOD_GOVERNOR_PROMOTION_AL_KAEDE_4', 'ABILITY_MOD_GOVERNOR_PROMOTION_AL_KAEDE_4_BUFF_MOVE'),
('ABILITY_MOD_GOVERNOR_PROMOTION_AL_KAEDE_4', 'ABILITY_MOD_GOVERNOR_PROMOTION_AL_KAEDE_4_BUFF_GUARD'),
('ABILITY_MOD_GOVERNOR_PROMOTION_AL_KAEDE_6', 'ABILITY_MOD_GOVERNOR_PROMOTION_AL_KAEDE_6_BUFF_ATTACK'),
('ABILITY_MOD_GOVERNOR_PROMOTION_AL_KAEDE_6', 'ABILITY_MOD_GOVERNOR_PROMOTION_AL_KAEDE_6_BUFF_DEFFENSE');

INSERT INTO Governors
(GovernorType, Image, Name, Title, ShortTitle, Description, IdentityPressure, TransitionStrength, AssignCityState, PortraitImage, PortraitImageSelected, TraitType) VALUES 
('GOVERNOR_AL_KAEDE', 'ICON_GOVERNOR_AL_KAEDE_SELECTED', 'LOC_GOVERNOR_AL_KAEDE_NAME', 'LOC_GOVERNOR_AL_KAEDE_TITLE', 'LOC_GOVERNOR_AL_KAEDE_TITLE', 'LOC_GOVERNOR_AL_KAEDE_DESCRIPTION', 16, 150, 0, 'ICON_GOVERNOR_AL_KAEDE_NORMAL', 'ICON_GOVERNOR_AL_KAEDE_SELECTED', 'TRAIT_LEADER_AL_CLOVER');

INSERT INTO GovernorPromotionSets
(GovernorType, GovernorPromotion) VALUES 
('GOVERNOR_AL_KAEDE', 'GOVERNOR_PROMOTION_AL_KAEDE_1'),
('GOVERNOR_AL_KAEDE', 'GOVERNOR_PROMOTION_AL_KAEDE_4'),
('GOVERNOR_AL_KAEDE', 'GOVERNOR_PROMOTION_AL_KAEDE_3'),
('GOVERNOR_AL_KAEDE', 'GOVERNOR_PROMOTION_AL_KAEDE_2'),
('GOVERNOR_AL_KAEDE', 'GOVERNOR_PROMOTION_AL_KAEDE_5'),
('GOVERNOR_AL_KAEDE', 'GOVERNOR_PROMOTION_AL_KAEDE_6');

INSERT INTO GovernorPromotions
(GovernorPromotionType, Name, Description, Level, Column, BaseAbility) VALUES 
('GOVERNOR_PROMOTION_AL_KAEDE_1', 'LOC_GOVERNOR_PROMOTION_AL_KAEDE_1_NAME', 'LOC_GOVERNOR_PROMOTION_AL_KAEDE_1_DESCRIPTION', 0, 1, 1),
('GOVERNOR_PROMOTION_AL_KAEDE_4', 'LOC_GOVERNOR_PROMOTION_AL_KAEDE_4_NAME', 'LOC_GOVERNOR_PROMOTION_AL_KAEDE_4_DESCRIPTION', 1, 0, 0),
('GOVERNOR_PROMOTION_AL_KAEDE_3', 'LOC_GOVERNOR_PROMOTION_AL_KAEDE_3_NAME', 'LOC_GOVERNOR_PROMOTION_AL_KAEDE_3_DESCRIPTION', 1, 2, 0),
('GOVERNOR_PROMOTION_AL_KAEDE_2', 'LOC_GOVERNOR_PROMOTION_AL_KAEDE_2_NAME', 'LOC_GOVERNOR_PROMOTION_AL_KAEDE_2_DESCRIPTION', 2, 0, 0),
('GOVERNOR_PROMOTION_AL_KAEDE_5', 'LOC_GOVERNOR_PROMOTION_AL_KAEDE_5_NAME', 'LOC_GOVERNOR_PROMOTION_AL_KAEDE_5_DESCRIPTION', 2, 2, 0),
('GOVERNOR_PROMOTION_AL_KAEDE_6', 'LOC_GOVERNOR_PROMOTION_AL_KAEDE_6_NAME', 'LOC_GOVERNOR_PROMOTION_AL_KAEDE_6_DESCRIPTION', 3, 1, 0);

INSERT INTO GovernorPromotionPrereqs
(GovernorPromotionType, PrereqGovernorPromotion) VALUES 
('GOVERNOR_PROMOTION_AL_KAEDE_4', 'GOVERNOR_PROMOTION_AL_KAEDE_1'),
('GOVERNOR_PROMOTION_AL_KAEDE_3', 'GOVERNOR_PROMOTION_AL_KAEDE_1'),
('GOVERNOR_PROMOTION_AL_KAEDE_2', 'GOVERNOR_PROMOTION_AL_KAEDE_4'),
('GOVERNOR_PROMOTION_AL_KAEDE_5', 'GOVERNOR_PROMOTION_AL_KAEDE_3'),
('GOVERNOR_PROMOTION_AL_KAEDE_6', 'GOVERNOR_PROMOTION_AL_KAEDE_2'),
('GOVERNOR_PROMOTION_AL_KAEDE_6', 'GOVERNOR_PROMOTION_AL_KAEDE_5');

INSERT INTO GovernorPromotionModifiers
(GovernorPromotionType, ModifierId) VALUES
('GOVERNOR_PROMOTION_AL_KAEDE_1', 'TRAIT_CIVIC_BOOST'),
('GOVERNOR_PROMOTION_AL_KAEDE_1', 'TRAIT_TECHNOLOGY_BOOST'),
('GOVERNOR_PROMOTION_AL_KAEDE_2', 'MOD_GOVERNOR_PROMOTION_AL_KAEDE_2_SCIENCE'),
('GOVERNOR_PROMOTION_AL_KAEDE_2', 'MOD_GOVERNOR_PROMOTION_AL_KAEDE_2_PRODUCTION'),
('GOVERNOR_PROMOTION_AL_KAEDE_2', 'MOD_GOVERNOR_PROMOTION_AL_KAEDE_2_LILYGREATS'),
('GOVERNOR_PROMOTION_AL_KAEDE_2', 'MOD_GOVERNOR_PROMOTION_AL_KAEDE_2_LILYGREATS_MODIFIER'),
('GOVERNOR_PROMOTION_AL_KAEDE_3', 'MOD_GOVERNOR_PROMOTION_AL_KAEDE_3_TRAINEDSCIENCE'),
('GOVERNOR_PROMOTION_AL_KAEDE_3', 'MOD_GOVERNOR_PROMOTION_AL_KAEDE_3_TRAINEDGOLD'),
('GOVERNOR_PROMOTION_AL_KAEDE_4', 'MOD_GOVERNOR_PROMOTION_AL_KAEDE_4_ABILITY'),
('GOVERNOR_PROMOTION_AL_KAEDE_6', 'MOD_GOVERNOR_PROMOTION_AL_KAEDE_6_ABILITY'),
('GOVERNOR_PROMOTION_AL_KAEDE_6', 'MOD_GOVERNOR_PROMOTION_AL_KAEDE_6_ECOMOMY_GOVERNMENT_SLOT');

INSERT INTO Requirements
(RequirementId, RequirementType) VALUES
('REQUIRES_AL_CITY_HAS_INDUSTRIAL_ZONE', 'REQUIREMENT_CITY_HAS_DISTRICT'),
('REQUIRES_AL_DISTRICT_IS_INDUSTRIAL_ZONE', 'REQUIREMENT_DISTRICT_TYPE_MATCHES');

INSERT INTO RequirementArguments
(RequirementId, Name, Value) VALUES
('REQUIRES_AL_CITY_HAS_INDUSTRIAL_ZONE', 'DistrictType', 'DISTRICT_AL_MOYU'),
('REQUIRES_AL_DISTRICT_IS_INDUSTRIAL_ZONE', 'DistrictType', 'DISTRICT_AL_MOYU');

INSERT INTO RequirementSets
(RequirementSetId, RequirementSetType) VALUES
('REQSET_AL_CITY_HAS_INDUSTRIAL_ZONE', 'REQUIREMENTSET_TEST_ANY'),
('REQSET_AL_DISTRICT_IS_INDUSTRIAL_ZONE', 'REQUIREMENTSET_TEST_ANY');

INSERT INTO RequirementSetRequirements
(RequirementSetId, RequirementId) VALUES
('REQSET_AL_CITY_HAS_INDUSTRIAL_ZONE', 'REQUIRES_AL_CITY_HAS_INDUSTRIAL_ZONE'),
('REQSET_AL_CITY_HAS_INDUSTRIAL_ZONE', 'REQUIRES_CITY_HAS_INDUSTRIAL_ZONE'),
('REQSET_AL_DISTRICT_IS_INDUSTRIAL_ZONE', 'REQUIRES_AL_DISTRICT_IS_INDUSTRIAL_ZONE'),
('REQSET_AL_DISTRICT_IS_INDUSTRIAL_ZONE', 'REQUIRES_DISTRICT_IS_INDUSTRIAL_ZONE');

INSERT INTO Modifiers
(ModifierId, ModifierType, SubjectRequirementSetId, Permanent, RunOnce) VALUES
('MOD_GOVERNOR_PROMOTION_AL_KAEDE_2_SCIENCE', 'MODIFIER_SINGLE_CITY_ADJUST_CITY_YIELD_MODIFIER', 'REQSET_AL_CITY_HAS_INDUSTRIAL_ZONE', 0, 0),
('MOD_GOVERNOR_PROMOTION_AL_KAEDE_2_PRODUCTION', 'MODIFIER_SINGLE_CITY_ADJUST_CITY_YIELD_MODIFIER', 'REQSET_AL_CITY_HAS_INDUSTRIAL_ZONE', 0, 0),
('MOD_GOVERNOR_PROMOTION_AL_KAEDE_2_LILYGREATS', 'MODIFIER_ALL_CITIES_ATTACH_MODIFIER', NULL, 0, 0),
('MOD_GOVERNOR_PROMOTION_AL_KAEDE_2_LILYGREATS_MODIFIER', 'MODIFIER_SINGLE_CITY_DISTRICTS_ADJUST_GREAT_PERSON_POINTS', 'REQSET_AL_DISTRICT_IS_INDUSTRIAL_ZONE', 0, 0),
('MOD_GOVERNOR_PROMOTION_AL_KAEDE_3_TRAINEDSCIENCE', 'MODIFIER_SINGLE_CITY_GRANT_YIELD_PER_UNIT_COST', NULL, 1, 1),
('MOD_GOVERNOR_PROMOTION_AL_KAEDE_3_TRAINEDGOLD', 'MODIFIER_SINGLE_CITY_GRANT_YIELD_PER_UNIT_COST', NULL, 1, 1),
('MOD_GOVERNOR_PROMOTION_AL_KAEDE_4_ABILITY', 'MODIFIER_SINGLE_CITY_GRANT_ABILITY_FOR_TRAINED_UNITS', NULL, 1, 0),
('ABILITY_MOD_GOVERNOR_PROMOTION_AL_KAEDE_4_BUFF_SIGHT', 'MODIFIER_PLAYER_UNIT_ADJUST_SIGHT', NULL, 0, 0),
('ABILITY_MOD_GOVERNOR_PROMOTION_AL_KAEDE_4_BUFF_MOVE', 'MODIFIER_PLAYER_UNIT_ADJUST_MOVEMENT', NULL, 0, 0),
('ABILITY_MOD_GOVERNOR_PROMOTION_AL_KAEDE_4_BUFF_GUARD', 'MODIFIER_UNIT_ADJUST_ESCORT_MOBILITY', NULL, 0, 0),
('MOD_GOVERNOR_PROMOTION_AL_KAEDE_6_ABILITY', 'MODIFIER_SINGLE_CITY_GRANT_ABILITY_FOR_TRAINED_UNITS', NULL, 1, 0),
('ABILITY_MOD_GOVERNOR_PROMOTION_AL_KAEDE_6_BUFF_ATTACK', 'MODIFIER_PLAYER_UNIT_ADJUST_COMBAT_FOR_NUMBER_NEIGHBORS', NULL, 0, 0),
('ABILITY_MOD_GOVERNOR_PROMOTION_AL_KAEDE_6_BUFF_DEFFENSE', 'MODIFIER_UNIT_ADJUST_COMBAT_STRENGTH', 'REQSET_AL_YUYU_UNIT_BATTLE_DEFENSE', 0, 0),
('MOD_GOVERNOR_PROMOTION_AL_KAEDE_6_ECOMOMY_GOVERNMENT_SLOT', 'MODIFIER_PLAYER_CULTURE_ADJUST_GOVERNMENT_SLOTS_MODIFIER', NULL, 0, 0);

INSERT INTO ModifierArguments
(ModifierId, Name, Value) VALUES
('MOD_GOVERNOR_PROMOTION_AL_KAEDE_2_SCIENCE', 'YieldType', 'YIELD_SCIENCE'),
('MOD_GOVERNOR_PROMOTION_AL_KAEDE_2_SCIENCE', 'Amount', 15),
('MOD_GOVERNOR_PROMOTION_AL_KAEDE_2_PRODUCTION', 'YieldType', 'YIELD_PRODUCTION'),
('MOD_GOVERNOR_PROMOTION_AL_KAEDE_2_PRODUCTION', 'Amount', 15),
('MOD_GOVERNOR_PROMOTION_AL_KAEDE_2_LILYGREATS', 'ModifierId', 'MOD_GOVERNOR_PROMOTION_AL_KAEDE_2_LILYGREATS_MODIFIER'),
('MOD_GOVERNOR_PROMOTION_AL_KAEDE_2_LILYGREATS_MODIFIER', 'GreatPersonClassType', 'GREAT_PERSON_CLASS_AL_LILY'),
('MOD_GOVERNOR_PROMOTION_AL_KAEDE_2_LILYGREATS_MODIFIER', 'Amount', 2),
('MOD_GOVERNOR_PROMOTION_AL_KAEDE_3_TRAINEDSCIENCE', 'YieldType', 'YIELD_SCIENCE'),
('MOD_GOVERNOR_PROMOTION_AL_KAEDE_3_TRAINEDSCIENCE', 'UnitProductionPercent', 50),
('MOD_GOVERNOR_PROMOTION_AL_KAEDE_3_TRAINEDGOLD', 'YieldType', 'YIELD_GOLD'),
('MOD_GOVERNOR_PROMOTION_AL_KAEDE_3_TRAINEDGOLD', 'UnitProductionPercent', 50),
('MOD_GOVERNOR_PROMOTION_AL_KAEDE_4_ABILITY', 'AbilityType', 'ABILITY_MOD_GOVERNOR_PROMOTION_AL_KAEDE_4'),
('ABILITY_MOD_GOVERNOR_PROMOTION_AL_KAEDE_4_BUFF_SIGHT', 'Amount', 2),
('ABILITY_MOD_GOVERNOR_PROMOTION_AL_KAEDE_4_BUFF_MOVE', 'Amount', 1),
('ABILITY_MOD_GOVERNOR_PROMOTION_AL_KAEDE_4_BUFF_GUARD', 'EscortMobility', 1),
('MOD_GOVERNOR_PROMOTION_AL_KAEDE_6_ABILITY', 'AbilityType', 'ABILITY_MOD_GOVERNOR_PROMOTION_AL_KAEDE_6'),
('ABILITY_MOD_GOVERNOR_PROMOTION_AL_KAEDE_6_BUFF_ATTACK', 'Amount', 3),
('ABILITY_MOD_GOVERNOR_PROMOTION_AL_KAEDE_6_BUFF_DEFFENSE', 'Amount', 3),
('MOD_GOVERNOR_PROMOTION_AL_KAEDE_6_ECOMOMY_GOVERNMENT_SLOT', 'GovernmentSlotType', 'SLOT_ECONOMIC');