CREATE TRIGGER AddTechReqs AFTER INSERT ON Technologies WHEN New.TechnologyType LIKE 'TECH\_AL\_%' ESCAPE '\' BEGIN
        INSERT INTO RequirementSets
        (RequirementSetId, RequirementSetType) VALUES
            ('REQSET_AL_PLAYER_HAS_'|| New.TechnologyType, 'REQUIREMENTSET_TEST_ALL'),
            ('REQSET_AL_PLAYER_HAS_'|| New.TechnologyType|| '_FOR_MILIAM', 'REQUIREMENTSET_TEST_ALL');
        INSERT INTO RequirementSetRequirements
        (RequirementSetId, RequirementId) VALUES
            ('REQSET_AL_PLAYER_HAS_'|| New.TechnologyType, 'REQ_AL_PLAYER_HAS_'|| New.TechnologyType),
            ('REQSET_AL_PLAYER_HAS_'|| New.TechnologyType|| '_FOR_MILIAM', 'REQ_AL_PLAYER_HAS_'|| New.TechnologyType),
            ('REQSET_AL_PLAYER_HAS_'|| New.TechnologyType|| '_FOR_MILIAM', 'REQ_AL_UNIT_IS_MILIAM');
        INSERT INTO Requirements
        (RequirementId, RequirementType,Inverse) VALUES
            ('REQ_AL_PLAYER_HAS_'|| New.TechnologyType, 'REQUIREMENT_PLAYER_HAS_TECHNOLOGY',0),
            ('REQ_AL_PLAYER_NOT_HAS_'|| New.TechnologyType, 'REQUIREMENT_PLAYER_HAS_TECHNOLOGY',1);
        INSERT INTO RequirementArguments
        (RequirementId, Name, Value) VALUES
            ('REQ_AL_PLAYER_HAS_'|| New.TechnologyType, 'TechnologyType', New.TechnologyType),
            ('REQ_AL_PLAYER_NOT_HAS_'|| New.TechnologyType, 'TechnologyType', New.TechnologyType);
    END;

CREATE TRIGGER AddCivicReqs AFTER INSERT ON Civics WHEN New.CivicType LIKE 'CIVIC\_AL\_%' ESCAPE '\' BEGIN
        INSERT INTO RequirementSets
        (RequirementSetId, RequirementSetType) VALUES
            ('REQSET_AL_PLAYER_HAS_'|| New.CivicType, 'REQUIREMENTSET_TEST_ALL');
        INSERT INTO RequirementSetRequirements
        (RequirementSetId, RequirementId) VALUES
            ('REQSET_AL_PLAYER_HAS_'|| New.CivicType, 'REQ_AL_PLAYER_HAS_'|| New.CivicType);
        INSERT INTO Requirements
        (RequirementId, RequirementType) VALUES
            ('REQ_AL_PLAYER_HAS_'|| New.CivicType, 'REQUIREMENT_PLAYER_HAS_CIVIC');
        INSERT INTO RequirementArguments
        (RequirementId, Name, Value) VALUES
            ('REQ_AL_PLAYER_HAS_'|| New.CivicType, 'TechnologyType', New.CivicType);
    END;
    INSERT INTO RequirementSetRequirements
        (RequirementSetId, RequirementId) VALUES
            ('REQSET_AL_PLAYER_HAS_TECH_AL_CLASSICAL_FOR_MILIAM', 'REQ_AL_PLAYER_NOT_HAS_TECH_AL_MEDIEVAL'),
            ('REQSET_AL_PLAYER_HAS_TECH_AL_MEDIEVAL_FOR_MILIAM', 'REQ_AL_PLAYER_NOT_HAS_TECH_AL_RENAISSANCE'),
            ('REQSET_AL_PLAYER_HAS_TECH_AL_RENAISSANCE_FOR_MILIAM', 'REQ_AL_PLAYER_NOT_HAS_TECH_AL_INDUSTRIAL'),
            ('REQSET_AL_PLAYER_HAS_TECH_AL_INDUSTRIAL_FOR_MILIAM', 'REQ_AL_PLAYER_NOT_HAS_TECH_AL_MODERN'),
            ('REQSET_AL_PLAYER_HAS_TECH_AL_MODERN_FOR_MILIAM', 'REQ_AL_PLAYER_NOT_HAS_TECH_AL_ATOMIC'),
            ('REQSET_AL_PLAYER_HAS_TECH_AL_ATOMIC_FOR_MILIAM', 'REQ_AL_PLAYER_NOT_HAS_TECH_AL_INFORMATION'),
            ('REQSET_AL_PLAYER_HAS_TECH_AL_INFORMATION_FOR_MILIAM', 'REQ_AL_PLAYER_NOT_HAS_TECH_AL_FUTURE');
INSERT INTO Types
(Type, Kind) VALUES
    --TECHS
        ('TECH_AL_CLASSICAL','KIND_TECH'),
        ('TECH_AL_MEDIEVAL','KIND_TECH'),
        ('TECH_AL_RENAISSANCE','KIND_TECH'),
        ('TECH_AL_INDUSTRIAL','KIND_TECH'),
        ('TECH_AL_MODERN','KIND_TECH'),
        ('TECH_AL_ATOMIC','KIND_TECH'),
        ('TECH_AL_INFORMATION','KIND_TECH'),
        ('TECH_AL_FUTURE','KIND_TECH'),
    --CIVICS
        ('CIVIC_AL_CLASSICAL','KIND_CIVIC'),
        ('CIVIC_AL_MEDIEVAL','KIND_CIVIC'),
        ('CIVIC_AL_FUTURE','KIND_CIVIC'),
        ('CIVIC_AL_RENAISSANCE','KIND_CIVIC'),
        ('CIVIC_AL_INDUSTRIAL','KIND_CIVIC'),
        ('CIVIC_AL_MODERN','KIND_CIVIC'),
        ('CIVIC_AL_ATOMIC','KIND_CIVIC'),
        ('CIVIC_AL_INFORMATION','KIND_CIVIC');

INSERT INTO Technologies
(TechnologyType, Name, Description, Cost, AdvisorType, EraType, UITreeRow) VALUES
('TECH_AL_CLASSICAL', 'LOC_TECH_AL_CLASSICAL_NAME', 'LOC_TECH_AL_CLASSICAL_DESC', 50, 'ADVISOR_GENERIC', 'ERA_ANCIENT', 4),
('TECH_AL_MEDIEVAL', 'LOC_TECH_AL_MEDIEVAL_NAME', NULL, 120, 'ADVISOR_GENERIC', 'ERA_CLASSICAL', 4),
('TECH_AL_RENAISSANCE', 'LOC_TECH_AL_RENAISSANCE_NAME', NULL, 660, 'ADVISOR_GENERIC', 'ERA_RENAISSANCE', 4),
('TECH_AL_INDUSTRIAL', 'LOC_TECH_AL_INDUSTRIAL_NAME', NULL, 970, 'ADVISOR_GENERIC', 'ERA_INDUSTRIAL', 4),
('TECH_AL_MODERN', 'LOC_TECH_AL_MODERN_NAME', NULL, 1250, 'ADVISOR_GENERIC', 'ERA_MODERN', 4),
('TECH_AL_ATOMIC', 'LOC_TECH_AL_ATOMIC_NAME', NULL, 1580, 'ADVISOR_GENERIC', 'ERA_ATOMIC', 4),
('TECH_AL_INFORMATION', 'LOC_TECH_AL_INFORMATION_NAME', NULL, 2155, 'ADVISOR_GENERIC', 'ERA_INFORMATION', 4),
('TECH_AL_FUTURE', 'LOC_TECH_AL_FUTURE_NAME', NULL, 2500, 'ADVISOR_GENERIC', 'ERA_FUTURE', 4);

INSERT INTO TechnologyPrereqs
(Technology, PrereqTech) VALUES
('TECH_AL_CLASSICAL', 'TECH_MINING'),
('TECH_AL_MEDIEVAL', 'TECH_AL_CLASSICAL'),
('TECH_AL_MEDIEVAL', 'TECH_BRONZE_WORKING'),
('TECH_AL_RENAISSANCE', 'TECH_AL_MEDIEVAL'),
('TECH_AL_RENAISSANCE', 'TECH_PRINTING'),
('TECH_AL_INDUSTRIAL', 'TECH_AL_RENAISSANCE'),
('TECH_AL_INDUSTRIAL', 'TECH_MILITARY_SCIENCE'),
('TECH_AL_MODERN', 'TECH_AL_INDUSTRIAL'),
('TECH_AL_MODERN', 'TECH_COMBUSTION'),
('TECH_AL_ATOMIC', 'TECH_AL_MODERN'),
('TECH_AL_ATOMIC', 'TECH_SYNTHETIC_MATERIALS'),
('TECH_AL_INFORMATION', 'TECH_AL_ATOMIC'),
('TECH_AL_INFORMATION', 'TECH_NANOTECHNOLOGY'),
('TECH_AL_FUTURE', 'TECH_ROBOTICS'),
('TECH_AL_FUTURE', 'TECH_LASERS'),
('TECH_AL_FUTURE', 'TECH_GUIDANCE_SYSTEMS'),
('TECH_AL_FUTURE', 'TECH_SATELLITES'),
('TECH_AL_FUTURE', 'TECH_AL_INFORMATION');

INSERT INTO TechnologyQuotes
(TechnologyType, Quote, QuoteAudio) VALUES
('TECH_AL_CLASSICAL', 'LOC_QUOTE_TECH_AL_CLASSICAL', 'Play_Al_Classical_Quote'),
('TECH_AL_MEDIEVAL', 'LOC_QUOTE_TECH_AL_MEDIEVAL', 'Play_Al_MEDIEVAL_Quote'),
('TECH_AL_RENAISSANCE', 'LOC_QUOTE_TECH_AL_RENAISSANCE', 'Play_Al_RENAISSANCE_Quote'),
('TECH_AL_INDUSTRIAL', 'LOC_QUOTE_TECH_AL_INDUSTRIAL', 'Play_Al_INDUSTRIAL_Quote'),
('TECH_AL_MODERN', 'LOC_QUOTE_TECH_AL_MODERN', 'Play_Al_MODERN_Quote'),
('TECH_AL_ATOMIC', 'LOC_QUOTE_TECH_AL_ATOMIC', 'Play_Al_ATOMIC_Quote'),
('TECH_AL_INFORMATION', 'LOC_QUOTE_TECH_AL_INFORMATION', 'Play_Al_INFORMATION_Quote'),
('TECH_AL_FUTURE', 'LOC_QUOTE_TECH_AL_FUTURE', 'Play_Al_FUTURE_Quote');

INSERT INTO Civics
    (CivicType, Name, Description, Cost, AdvisorType, EraType, UITreeRow) VALUES
    ('CIVIC_AL_CLASSICAL', 'LOC_CIVIC_AL_CLASSICAL_NAME', 'LOC_CIVIC_AL_CLASSICAL_DESC', 40, 'ADVISOR_GENERIC', 'ERA_ANCIENT', 3),
    ('CIVIC_AL_MEDIEVAL', 'LOC_CIVIC_AL_MEDIEVAL_NAME', 'LOC_CIVIC_AL_MEDIEVAL_DESC', 175, 'ADVISOR_GENERIC', 'ERA_CLASSICAL', 3),
    ('CIVIC_AL_FUTURE', 'LOC_CIVIC_AL_FUTURE_NAME', 'LOC_CIVIC_AL_FUTURE_DESC', 385, 'ADVISOR_GENERIC', 'ERA_MEDIEVAL', 3),
    ('CIVIC_AL_RENAISSANCE', 'LOC_CIVIC_AL_RENAISSANCE_NAME', 'LOC_CIVIC_AL_RENAISSANCE_DESC', 655, 'ADVISOR_GENERIC', 'ERA_RENAISSANCE', 3),
    ('CIVIC_AL_INDUSTRIAL', 'LOC_CIVIC_AL_INDUSTRIAL_NAME', 'LOC_CIVIC_AL_INDUSTRIAL_DESC', 1060, 'ADVISOR_GENERIC', 'ERA_INDUSTRIAL', 3),
    ('CIVIC_AL_MODERN', 'LOC_CIVIC_AL_MODERN_NAME', 'LOC_CIVIC_AL_MODERN_DESC', 1560, 'ADVISOR_GENERIC', 'ERA_MODERN', 3),
    ('CIVIC_AL_ATOMIC', 'LOC_CIVIC_AL_ATOMIC_NAME', 'LOC_CIVIC_AL_ATOMIC_DESC', 2415, 'ADVISOR_GENERIC', 'ERA_ATOMIC', 3),
    ('CIVIC_AL_INFORMATION', 'LOC_CIVIC_AL_INFORMATION_NAME', 'LOC_CIVIC_AL_INFORMATION_DESC', 3200, 'ADVISOR_GENERIC', 'ERA_INFORMATION', 3);

INSERT INTO CivicPrereqs
    (Civic, PrereqCivic) VALUES
    ('CIVIC_AL_CLASSICAL', 'CIVIC_CODE_OF_LAWS'),
    ('CIVIC_AL_MEDIEVAL', 'CIVIC_AL_CLASSICAL'),
    ('CIVIC_AL_MEDIEVAL', 'CIVIC_THEOLOGY'),
    ('CIVIC_AL_FUTURE', 'CIVIC_AL_MEDIEVAL'),
    ('CIVIC_AL_FUTURE', 'CIVIC_DIVINE_RIGHT'),
    ('CIVIC_AL_RENAISSANCE', 'CIVIC_AL_FUTURE'),
    ('CIVIC_AL_RENAISSANCE', 'CIVIC_REFORMED_CHURCH'),
    ('CIVIC_AL_INDUSTRIAL', 'CIVIC_AL_RENAISSANCE'),
    ('CIVIC_AL_INDUSTRIAL', 'CIVIC_OPERA_BALLET'),
    ('CIVIC_AL_MODERN', 'CIVIC_AL_INDUSTRIAL'),
    ('CIVIC_AL_MODERN', 'CIVIC_MASS_MEDIA'),
    ('CIVIC_AL_ATOMIC', 'CIVIC_AL_MODERN'),
    ('CIVIC_AL_ATOMIC', 'CIVIC_PROFESSIONAL_SPORTS'),
    ('CIVIC_AL_INFORMATION', 'CIVIC_AL_ATOMIC'),
    ('CIVIC_AL_INFORMATION', 'CIVIC_SOCIAL_MEDIA');

INSERT INTO CivicQuotes
    (CivicType, Quote, QuoteAudio) VALUES
    ('CIVIC_AL_CLASSICAL', 'LOC_QUOTE_TECH_AL_CLASSICAL', 'Play_Al_Classical_Quote'),
    ('CIVIC_AL_MEDIEVAL', 'LOC_QUOTE_TECH_AL_MEDIEVAL', 'Play_Al_MEDIEVAL_Quote'),
    ('CIVIC_AL_FUTURE', 'LOC_QUOTE_TECH_AL_RENAISSANCE', 'Play_Al_RENAISSANCE_Quote'),
    ('CIVIC_AL_RENAISSANCE', 'LOC_QUOTE_TECH_AL_INDUSTRIAL', 'Play_Al_INDUSTRIAL_Quote'),
    ('CIVIC_AL_INDUSTRIAL', 'LOC_QUOTE_TECH_AL_MODERN', 'Play_Al_MODERN_Quote'),
    ('CIVIC_AL_MODERN', 'LOC_QUOTE_TECH_AL_ATOMIC', 'Play_Al_ATOMIC_Quote'),
    ('CIVIC_AL_ATOMIC', 'LOC_QUOTE_TECH_AL_INFORMATION', 'Play_Al_INFORMATION_Quote'),
    ('CIVIC_AL_INFORMATION', 'LOC_QUOTE_TECH_AL_FUTURE', 'Play_Al_FUTURE_Quote');

INSERT INTO Boosts
    (CivicType, TechnologyType, Boost, TriggerDescription, TriggerLongDescription, BoostClass, ImprovementType, NumItems, DistrictType) VALUES
    ('CIVIC_AL_CLASSICAL', NULL, 40, 'LOC_DESC_CIVIC_AL_CLASSICAL_BOOST', 'LOC_LDESC_CIVIC_AL_CLASSICAL_BOOST', 'BOOST_TRIGGER_HAVE_X_IMPROVEMENTS', 'IMPROVEMENT_AL_ONSEN', 1, NULL),
    ('CIVIC_AL_MEDIEVAL', NULL, 40, 'LOC_DESC_CIVIC_AL_MEDIEVAL_BOOST', 'LOC_LDESC_CIVIC_AL_MEDIEVAL_BOOST', 'BOOST_TRIGGER_HAVE_X_IMPROVEMENTS', 'IMPROVEMENT_AL_ONSEN_SEA', 1, NULL),
    ('CIVIC_AL_FUTURE', NULL, 40, 'LOC_DESC_CIVIC_AL_FUTURE_BOOST', 'LOC_LDESC_CIVIC_AL_FUTURE_BOOST', 'BOOST_TRIGGER_NONE_LATE_GAME_CRITICAL_TECH', NULL, 0, NULL),
    ('CIVIC_AL_RENAISSANCE', NULL, 40, 'LOC_DESC_CIVIC_AL_RENAISSANCE_BOOST', 'LOC_LDESC_CIVIC_AL_RENAISSANCE_BOOST', 'BOOST_TRIGGER_NONE_LATE_GAME_CRITICAL_TECH', NULL, 0, NULL),
    ('CIVIC_AL_INDUSTRIAL', NULL, 40, 'LOC_DESC_CIVIC_AL_INDUSTRIAL_BOOST', 'LOC_LDESC_CIVIC_AL_INDUSTRIAL_BOOST', 'BOOST_TRIGGER_NONE_LATE_GAME_CRITICAL_TECH', NULL, 0, NULL),
    ('CIVIC_AL_MODERN', NULL, 40, 'LOC_DESC_CIVIC_AL_MODERN_BOOST', 'LOC_LDESC_CIVIC_AL_MODERN_BOOST', 'BOOST_TRIGGER_NONE_LATE_GAME_CRITICAL_TECH', NULL, 0, NULL),
    ('CIVIC_AL_ATOMIC', NULL, 40, 'LOC_DESC_CIVIC_AL_ATOMIC_BOOST', 'LOC_LDESC_CIVIC_AL_ATOMIC_BOOST', 'BOOST_TRIGGER_NONE_LATE_GAME_CRITICAL_TECH', NULL, 0, NULL),
    ('CIVIC_AL_INFORMATION', NULL, 40, 'LOC_DESC_CIVIC_AL_INFORMATION_BOOST', 'LOC_LDESC_CIVIC_AL_INFORMATION_BOOST', 'BOOST_TRIGGER_NONE_LATE_GAME_CRITICAL_TECH', NULL, 0, NULL),

    (NULL, 'TECH_AL_CLASSICAL', 40, 'LOC_DESC_TECH_AL_CLASSICAL_BOOST', 'LOC_LDESC_TECH_AL_CLASSICAL_BOOST', 'BOOST_TRIGGER_SETTLE_COAST', NULL, 0, NULL),
    (NULL, 'TECH_AL_MEDIEVAL', 40, 'LOC_DESC_TECH_AL_MEDIEVAL_BOOST', 'LOC_LDESC_TECH_AL_MEDIEVAL_BOOST', 'BOOST_TRIGGER_NUM_BARBS_KILLED', NULL, 3, NULL),
    (NULL, 'TECH_AL_RENAISSANCE', 40, 'LOC_DESC_TECH_AL_RENAISSANCE_BOOST', 'LOC_LDESC_TECH_AL_RENAISSANCE_BOOST', 'BOOST_TRIGGER_HAVE_X_DISTRICTS', NULL, 2, 'DISTRICT_AL_GARDEN'),
    (NULL, 'TECH_AL_INDUSTRIAL', 40, 'LOC_DESC_TECH_AL_INDUSTRIAL_BOOST', 'LOC_LDESC_TECH_AL_INDUSTRIAL_BOOST', 'BOOST_TRIGGER_NONE_LATE_GAME_CRITICAL_TECH', NULL, 0, NULL),
    (NULL, 'TECH_AL_MODERN', 40, 'LOC_DESC_TECH_AL_MODERN_BOOST', 'LOC_LDESC_TECH_AL_MODERN_BOOST', 'BOOST_TRIGGER_NONE_LATE_GAME_CRITICAL_TECH', NULL, 0, NULL),
    (NULL, 'TECH_AL_ATOMIC', 40, 'LOC_DESC_TECH_AL_ATOMIC_BOOST', 'LOC_LDESC_TECH_AL_ATOMIC_BOOST', 'BOOST_TRIGGER_NONE_LATE_GAME_CRITICAL_TECH', NULL, 0, NULL),
    (NULL, 'TECH_AL_INFORMATION', 40, 'LOC_DESC_TECH_AL_INFORMATION_BOOST', 'LOC_LDESC_TECH_AL_INFORMATION_BOOST', 'BOOST_TRIGGER_NONE_LATE_GAME_CRITICAL_TECH', NULL, 0, NULL),
    (NULL, 'TECH_AL_FUTURE', 40, 'LOC_DESC_TECH_AL_FUTURE_BOOST', 'LOC_LDESC_TECH_AL_FUTURE_BOOST', 'BOOST_TRIGGER_NONE_LATE_GAME_CRITICAL_TECH', NULL, 0, NULL);

INSERT INTO CivicModifiers
    (CivicType, ModifierId) VALUES
    ('CIVIC_AL_CLASSICAL', 'CIVIC_GRANT_PLAYER_GOVERNOR_POINTS'),
    ('CIVIC_AL_MEDIEVAL', 'CIVIC_AWARD_TWO_INFLUENCE_TOKENS'),
    ('CIVIC_AL_FUTURE', 'CIVIC_GRANT_PLAYER_GOVERNOR_POINTS'),
    ('CIVIC_AL_RENAISSANCE', 'CIVIC_AWARD_TWO_INFLUENCE_TOKENS'),
    ('CIVIC_AL_INDUSTRIAL', 'CIVIC_GRANT_PLAYER_GOVERNOR_POINTS'),
    ('CIVIC_AL_MODERN', 'CIVIC_AWARD_THREE_INFLUENCE_TOKENS'),
    ('CIVIC_AL_ATOMIC', 'CIVIC_GRANT_PLAYER_GOVERNOR_POINTS'),
    ('CIVIC_AL_INFORMATION', 'CIVIC_AWARD_THREE_INFLUENCE_TOKENS');