CREATE TABLE property_gov_number(n);
        WITH RECURSIVE
        cnt(x) AS (
            SELECT 1
            UNION ALL
            SELECT x+1 FROM cnt WHERE x <6
        )
        INSERT INTO property_gov_number(n)
        SELECT x FROM cnt;

CREATE TRIGGER AddPromotion AFTER INSERT ON Governors WHEN New.GovernorType LIKE 'GOVERNOR\_AL\_%' ESCAPE '\' BEGIN
        INSERT INTO Types (Type, Kind)
        SELECT 'PROMOTION_'|| New.GovernorType ||'_'|| n, 'KIND_GOVERNOR_PROMOTION'
        FROM property_gov_number;

        INSERT INTO Types
        (Type, Kind) VALUES
        (New.GovernorType, 'KIND_GOVERNOR');

        INSERT INTO GovernorPromotionSets (GovernorType, GovernorPromotion)
        SELECT New.GovernorType, 'PROMOTION_'|| New.GovernorType ||'_'|| n
        FROM property_gov_number;

        INSERT INTO GovernorPromotions
        (GovernorPromotionType, Name, Description, Level, Column, BaseAbility) VALUES 
        ('PROMOTION_'|| New.GovernorType ||'_1', 'LOC_PROMOTION_'|| New.GovernorType ||'_1_NAME', 'LOC_PROMOTION_'|| New.GovernorType ||'_1_DESCRIPTION', 0, 1, 1),
        ('PROMOTION_'|| New.GovernorType ||'_2', 'LOC_PROMOTION_'|| New.GovernorType ||'_2_NAME', 'LOC_PROMOTION_'|| New.GovernorType ||'_2_DESCRIPTION', 1, 0, 0),
        ('PROMOTION_'|| New.GovernorType ||'_3', 'LOC_PROMOTION_'|| New.GovernorType ||'_3_NAME', 'LOC_PROMOTION_'|| New.GovernorType ||'_3_DESCRIPTION', 1, 2, 0),
        ('PROMOTION_'|| New.GovernorType ||'_4', 'LOC_PROMOTION_'|| New.GovernorType ||'_4_NAME', 'LOC_PROMOTION_'|| New.GovernorType ||'_4_DESCRIPTION', 2, 0, 0),
        ('PROMOTION_'|| New.GovernorType ||'_5', 'LOC_PROMOTION_'|| New.GovernorType ||'_5_NAME', 'LOC_PROMOTION_'|| New.GovernorType ||'_5_DESCRIPTION', 2, 2, 0),
        ('PROMOTION_'|| New.GovernorType ||'_6', 'LOC_PROMOTION_'|| New.GovernorType ||'_6_NAME', 'LOC_PROMOTION_'|| New.GovernorType ||'_6_DESCRIPTION', 3, 1, 0);

        INSERT INTO GovernorPromotionPrereqs
        (GovernorPromotionType, PrereqGovernorPromotion) VALUES 
        ('PROMOTION_'|| New.GovernorType ||'_2', 'PROMOTION_'|| New.GovernorType ||'_1'),
        ('PROMOTION_'|| New.GovernorType ||'_3', 'PROMOTION_'|| New.GovernorType ||'_1'),
        ('PROMOTION_'|| New.GovernorType ||'_4', 'PROMOTION_'|| New.GovernorType ||'_2'),
        ('PROMOTION_'|| New.GovernorType ||'_5', 'PROMOTION_'|| New.GovernorType ||'_3'),
        ('PROMOTION_'|| New.GovernorType ||'_6', 'PROMOTION_'|| New.GovernorType ||'_4'),
        ('PROMOTION_'|| New.GovernorType ||'_6', 'PROMOTION_'|| New.GovernorType ||'_5');
    END;

INSERT INTO Governors
    (GovernorType,          Image,                              Name,                               Title,                          ShortTitle,                             Description,                                
     IdentityPressure,      TransitionStrength,                 AssignCityState,                    PortraitImage,                  PortraitImageSelected,                  TraitType) VALUES 
    ('GOVERNOR_AL_YUYU',    'ICON_GOVERNOR_AL_YUYU_SELECTED',   'LOC_GOVERNOR_AL_YUYU_NAME',        'LOC_GOVERNOR_AL_YUYU_TITLE',   'LOC_GOVERNOR_AL_YUYU_SHORT_TITLE',     'LOC_GOVERNOR_AL_YUYU_DESCRIPTION',         
     8,                     150,                                0,                                  'ICON_GOVERNOR_AL_YUYU_NORMAL', 'ICON_GOVERNOR_AL_YUYU_SELECTED',       'TRAIT_LEADER_AL_CLOVER'),

    ('GOVERNOR_AL_TAKANE',  'ICON_GOVERNOR_AL_TAKANE',          'LOC_GOVERNOR_AL_TAKANE_NAME',      'LOC_GOVERNOR_AL_TAKANE_TITLE', 'LOC_GOVERNOR_AL_TAKANE_SHORT_TITLE',   'LOC_GOVERNOR_AL_TAKANE_DESCRIPTION',         
     12,                    150,                                0,                                  'ICON_GOVERNOR_AL_TAKANE',      'ICON_GOVERNOR_AL_TAKANE',              'TRAIT_LEADER_AL_KANAHO3'),

    ('GOVERNOR_AL_HIMEKA',  'ICON_GOVERNOR_AL_HIMEKA',          'LOC_GOVERNOR_AL_HIMEKA_NAME',      'LOC_GOVERNOR_AL_HIMEKA_TITLE', 'LOC_GOVERNOR_AL_HIMEKA_SHORT_TITLE',   'LOC_GOVERNOR_AL_HIMEKA_DESCRIPTION',         
     12,                    50,                                1,                                  'ICON_GOVERNOR_AL_HIMEKA',      'ICON_GOVERNOR_AL_HIMEKA',              'TRAIT_LEADER_AL_KANAHO3'),
    
    ('GOVERNOR_AL_KAEDE',   'ICON_GOVERNOR_AL_KAEDE_SELECTED',  'LOC_GOVERNOR_AL_KAEDE_NAME',       'LOC_GOVERNOR_AL_KAEDE_TITLE',  'LOC_GOVERNOR_AL_KAEDE_TITLE',          'LOC_GOVERNOR_AL_KAEDE_DESCRIPTION',        
     16,                    150,                                0,                                  'ICON_GOVERNOR_AL_KAEDE_NORMAL','ICON_GOVERNOR_AL_KAEDE_SELECTED',      'TRAIT_LEADER_AL_CLOVER');

-- Shirai Yuyu
INSERT INTO Governors_XP2
    (GovernorType, AssignToMajor) VALUES
    ('GOVERNOR_AL_HIMEKA', 1);

INSERT INTO Types
(Type, Kind) VALUES
    ('ABILITY_MOD_PROMOTION_GOVERNOR_AL_KAEDE_4', 'KIND_ABILITY'),
    ('ABILITY_MOD_PROMOTION_GOVERNOR_AL_KAEDE_6', 'KIND_ABILITY'),
    ('ABILITY_AL_GOV_YUYU_TRAINED_UNIT_XP', 'KIND_ABILITY'),
    ('ABILITY_AL_GOV_YUYU_UNIT_CANMOVE', 'KIND_ABILITY'),
    ('ABILITY_AL_GOV_YUYU_UNIT_BATTLE', 'KIND_ABILITY');
--
    INSERT INTO TypeTags
    (Type, Tag) VALUES
    ('ABILITY_AL_GOV_YUYU_TRAINED_UNIT_XP', 'CLASS_RECON'),
    ('ABILITY_AL_GOV_YUYU_TRAINED_UNIT_XP', 'CLASS_MELEE'),
    ('ABILITY_AL_GOV_YUYU_TRAINED_UNIT_XP', 'CLASS_ANTI_CAVALRY'),
    ('ABILITY_AL_GOV_YUYU_TRAINED_UNIT_XP', 'CLASS_HEAVY_CAVALRY'),
    ('ABILITY_AL_GOV_YUYU_TRAINED_UNIT_XP', 'CLASS_LIGHT_CAVALRY'),
    ('ABILITY_AL_GOV_YUYU_TRAINED_UNIT_XP', 'CLASS_RANGED'),
    ('ABILITY_AL_GOV_YUYU_UNIT_CANMOVE', 'CLASS_MELEE'),
    ('ABILITY_AL_GOV_YUYU_UNIT_CANMOVE', 'CLASS_ANTI_CAVALRY'),
    ('ABILITY_AL_GOV_YUYU_UNIT_CANMOVE', 'CLASS_RECON'),
    ('ABILITY_AL_GOV_YUYU_UNIT_CANMOVE', 'CLASS_HEAVY_CAVALRY'),
    ('ABILITY_AL_GOV_YUYU_UNIT_CANMOVE', 'CLASS_LIGHT_CAVALRY'),
    ('ABILITY_AL_GOV_YUYU_UNIT_CANMOVE', 'CLASS_RANGED'),
    ('ABILITY_AL_GOV_YUYU_UNIT_BATTLE', 'CLASS_RANGED');

    INSERT INTO UnitAbilities
    (UnitAbilityType, Name, Description, Inactive) VALUES 
    ('ABILITY_AL_GOV_YUYU_TRAINED_UNIT_XP', 'LOC_ABILITY_AL_GOV_YUYU_TRAINED_UNIT_XP_NAME', 'LOC_ABILITY_AL_GOV_YUYU_TRAINED_UNIT_XP_DESCRIPTION', 1),
    ('ABILITY_AL_GOV_YUYU_UNIT_CANMOVE', 'LOC_ABILITY_AL_GOV_YUYU_UNIT_CANMOVE_NAME', 'LOC_ABILITY_AL_GOV_YUYU_UNIT_CANMOVE_DESCRIPTION', 1),
    ('ABILITY_AL_GOV_YUYU_UNIT_BATTLE', 'LOC_ABILITY_AL_GOV_YUYU_UNIT_BATTLE_NAME', 'LOC_ABILITY_AL_GOV_YUYU_UNIT_BATTLE_DESCRIPTION', 1);

    INSERT INTO UnitAbilityModifiers
    (UnitAbilityType, ModifierId) VALUES 
    ('ABILITY_AL_GOV_YUYU_TRAINED_UNIT_XP', 'ABILITY_AL_GOV_YUYU_TRAINED_UNIT_XP_BUFF'),
    ('ABILITY_AL_GOV_YUYU_UNIT_CANMOVE', 'ABILITY_AL_GOV_YUYU_UNIT_CANMOVE_BUFF'),
    ('ABILITY_AL_GOV_YUYU_UNIT_BATTLE', 'ABILITY_AL_GOV_YUYU_UNIT_BATTLE_ATTACK_BUFF'),
    ('ABILITY_AL_GOV_YUYU_UNIT_BATTLE', 'ABILITY_AL_GOV_YUYU_UNIT_BATTLE_DEFENSE_BUFF');

    INSERT INTO TypeTags
    (Type, Tag) VALUES
    ('ABILITY_MOD_PROMOTION_GOVERNOR_AL_KAEDE_4', 'CLASS_RECON'),
    ('ABILITY_MOD_PROMOTION_GOVERNOR_AL_KAEDE_6', 'CLASS_RANGED');

    INSERT INTO UnitAbilities
    (UnitAbilityType, Name, Description, Inactive) VALUES 
    ('ABILITY_MOD_PROMOTION_GOVERNOR_AL_KAEDE_4', 'LOC_ABILITY_MOD_PROMOTION_GOVERNOR_AL_KAEDE_4_NAME', 'LOC_ABILITY_MOD_PROMOTION_GOVERNOR_AL_KAEDE_4_DESCRIPTION', 1),
    ('ABILITY_MOD_PROMOTION_GOVERNOR_AL_KAEDE_6', 'LOC_ABILITY_MOD_PROMOTION_GOVERNOR_AL_KAEDE_6_NAME', 'LOC_ABILITY_MOD_PROMOTION_GOVERNOR_AL_KAEDE_6_DESCRIPTION', 1);

    INSERT INTO UnitAbilityModifiers
    (UnitAbilityType, ModifierId) VALUES 
    ('ABILITY_MOD_PROMOTION_GOVERNOR_AL_KAEDE_4', 'ABILITY_MOD_PROMOTION_GOVERNOR_AL_KAEDE_4_BUFF_SIGHT'),
    ('ABILITY_MOD_PROMOTION_GOVERNOR_AL_KAEDE_4', 'ABILITY_MOD_PROMOTION_GOVERNOR_AL_KAEDE_4_BUFF_MOVE'),
    ('ABILITY_MOD_PROMOTION_GOVERNOR_AL_KAEDE_4', 'ABILITY_MOD_PROMOTION_GOVERNOR_AL_KAEDE_4_BUFF_GUARD'),
    ('ABILITY_MOD_PROMOTION_GOVERNOR_AL_KAEDE_6', 'ABILITY_MOD_PROMOTION_GOVERNOR_AL_KAEDE_6_BUFF_ATTACK'),
    ('ABILITY_MOD_PROMOTION_GOVERNOR_AL_KAEDE_6', 'ABILITY_MOD_PROMOTION_GOVERNOR_AL_KAEDE_6_BUFF_DEFFENSE');





INSERT INTO GovernorPromotionModifiers
(GovernorPromotionType, ModifierId) VALUES
        ('PROMOTION_GOVERNOR_AL_HIMEKA_1', 'MOD_AL_NULL'),
        ('PROMOTION_GOVERNOR_AL_HIMEKA_2', 'MOD_GOVERNOR_AL_HIMEKA_2_1'),
        ('PROMOTION_GOVERNOR_AL_HIMEKA_2', 'MOD_GOVERNOR_AL_HIMEKA_2_2'),
        ('PROMOTION_GOVERNOR_AL_HIMEKA_3', 'MOD_GOVERNOR_AL_HIMEKA_3_1'),
        ('PROMOTION_GOVERNOR_AL_HIMEKA_4', 'MOD_GOVERNOR_AL_HIMEKA_4_1'),
        ('PROMOTION_GOVERNOR_AL_HIMEKA_5', 'MOD_GOVERNOR_AL_HIMEKA_5_1'),
        ('PROMOTION_GOVERNOR_AL_HIMEKA_6', 'MOD_GOVERNOR_AL_HIMEKA_6_1'),
    --
        ('PROMOTION_GOVERNOR_AL_TAKANE_1', 'MOD_GOVERNOR_AL_TAKANE_1_1'),
        ('PROMOTION_GOVERNOR_AL_TAKANE_1', 'MOD_GOVERNOR_AL_TAKANE_1_2'),
        ('PROMOTION_GOVERNOR_AL_TAKANE_1', 'MOD_GOVERNOR_AL_TAKANE_1_3'),
        ('PROMOTION_GOVERNOR_AL_TAKANE_1', 'MOD_GOVERNOR_AL_TAKANE_1_4'),
        ('PROMOTION_GOVERNOR_AL_TAKANE_1', 'MOD_GOVERNOR_AL_TAKANE_1_5'),
        ('PROMOTION_GOVERNOR_AL_TAKANE_2', 'MOD_AL_NULL'),
        ('PROMOTION_GOVERNOR_AL_TAKANE_3', 'MOD_GOVERNOR_AL_TAKANE_3_1'),
        ('PROMOTION_GOVERNOR_AL_TAKANE_3', 'MOD_GOVERNOR_AL_TAKANE_3_2'),
        ('PROMOTION_GOVERNOR_AL_TAKANE_3', 'MOD_GOVERNOR_AL_TAKANE_3_3'),
        ('PROMOTION_GOVERNOR_AL_TAKANE_4', 'MOD_GOVERNOR_AL_TAKANE_4_1'),
        ('PROMOTION_GOVERNOR_AL_TAKANE_4', 'MOD_GOVERNOR_AL_TAKANE_4_3'),
        ('PROMOTION_GOVERNOR_AL_TAKANE_5', 'MOD_GOVERNOR_AL_TAKANE_5_1'),
        ('PROMOTION_GOVERNOR_AL_TAKANE_6', 'MOD_GOVERNOR_AL_TAKANE_6_1'),
        ('PROMOTION_GOVERNOR_AL_TAKANE_6', 'MOD_GOVERNOR_AL_TAKANE_6_2'),
        ('PROMOTION_GOVERNOR_AL_TAKANE_6', 'MOD_GOVERNOR_AL_TAKANE_6_3'),
    
        ('PROMOTION_GOVERNOR_AL_KAEDE_1', 'TRAIT_CIVIC_BOOST'),
        ('PROMOTION_GOVERNOR_AL_KAEDE_1', 'TRAIT_TECHNOLOGY_BOOST'),
        ('PROMOTION_GOVERNOR_AL_KAEDE_2', 'MOD_PROMOTION_GOVERNOR_AL_KAEDE_2_SCIENCE'),
        ('PROMOTION_GOVERNOR_AL_KAEDE_2', 'MOD_PROMOTION_GOVERNOR_AL_KAEDE_2_PRODUCTION'),
        ('PROMOTION_GOVERNOR_AL_KAEDE_2', 'MOD_PROMOTION_GOVERNOR_AL_KAEDE_2_LILYGREATS'),
        ('PROMOTION_GOVERNOR_AL_KAEDE_2', 'MOD_PROMOTION_GOVERNOR_AL_KAEDE_2_LILYGREATS_MODIFIER'),
        ('PROMOTION_GOVERNOR_AL_KAEDE_3', 'MOD_PROMOTION_GOVERNOR_AL_KAEDE_3_TRAINEDSCIENCE'),
        ('PROMOTION_GOVERNOR_AL_KAEDE_3', 'MOD_PROMOTION_GOVERNOR_AL_KAEDE_3_TRAINEDGOLD'),
        ('PROMOTION_GOVERNOR_AL_KAEDE_4', 'MOD_PROMOTION_GOVERNOR_AL_KAEDE_4_ABILITY'),
        ('PROMOTION_GOVERNOR_AL_KAEDE_5', 'MOD_AL_NULL'),
        ('PROMOTION_GOVERNOR_AL_KAEDE_6', 'MOD_PROMOTION_GOVERNOR_AL_KAEDE_6_ABILITY'),
        ('PROMOTION_GOVERNOR_AL_KAEDE_6', 'MOD_PROMOTION_GOVERNOR_AL_KAEDE_6_ECOMOMY_GOVERNMENT_SLOT'),

        ('PROMOTION_GOVERNOR_AL_YUYU_1', 'ZONING_COMMISSIONER_FASTER_DISTRICT_CONSTRUCTION'),
        ('PROMOTION_GOVERNOR_AL_YUYU_1', 'LIBRARIAN_CULTURE_YIELD_BONUS'),
        ('PROMOTION_GOVERNOR_AL_YUYU_3', 'MOD_PROMOTION_GOVERNOR_AL_YUYU_1_ROUTECULTURE'),
        ('PROMOTION_GOVERNOR_AL_YUYU_4', 'MOD_PROMOTION_GOVERNOR_AL_YUYU_1_ROUTECAP'),
        ('PROMOTION_GOVERNOR_AL_YUYU_2', 'CITY_DEFENDER_ADJUST_ATTACKS_PER_TURN'),
        ('PROMOTION_GOVERNOR_AL_YUYU_2', 'MOD_PROMOTION_GOVERNOR_AL_YUYU_2_CITYCOMBAT'),
        ('PROMOTION_GOVERNOR_AL_YUYU_3', 'MOD_PROMOTION_GOVERNOR_AL_YUYU_3_EXP'),
        ('PROMOTION_GOVERNOR_AL_YUYU_3', 'MOD_PROMOTION_GOVERNOR_AL_YUYU_3_CANMOVE'),
        ('PROMOTION_GOVERNOR_AL_YUYU_4', 'CONNOISSEUR_CULTURE_CITIZEN'),
        ('PROMOTION_GOVERNOR_AL_YUYU_4', 'MOD_PROMOTION_GOVERNOR_AL_YUYU_4_LILYGREATS'),
        ('PROMOTION_GOVERNOR_AL_YUYU_4', 'MOD_PROMOTION_GOVERNOR_AL_YUYU_4_LILYGREATS_MODIFIER'),
        ('PROMOTION_GOVERNOR_AL_YUYU_5', 'PRESTIGE_IDENTITY_PRESSURE_TO_DOMESTIC_CITIES'),
        ('PROMOTION_GOVERNOR_AL_YUYU_5', 'DEFENSE_LOGISTICS_SIEGE_PROTECTION'),
        ('PROMOTION_GOVERNOR_AL_YUYU_6', 'MOD_PROMOTION_GOVERNOR_AL_YUYU_6_BATTLE'),
        ('PROMOTION_GOVERNOR_AL_YUYU_6', 'MOD_PROMOTION_GOVERNOR_AL_YUYU_6_MILITARY_GOVERNMENT_SLOT');

--mod

    INSERT INTO Modifiers
    (ModifierId, ModifierType, SubjectRequirementSetId, Permanent) VALUES 
        ('MOD_GOVERNOR_AL_HIMEKA_2_1', 'MODIFIER_GOVERNOR_ADJUST_CITY_COPY_LUXURIES_FOR_IMPORT', NULL, 0),
        ('MOD_GOVERNOR_AL_HIMEKA_2_2', 'MODIFIER_GOVERNOR_ADJUST_CITY_COPY_STRATEGICS_FOR_IMPORT', NULL, 0),
        ('MOD_GOVERNOR_AL_HIMEKA_3_1', 'MODIFIER_GOVERNOR_ADJUST_GRIEVENCE_SCORE', NULL, 0),
        ('MOD_GOVERNOR_AL_HIMEKA_3_2', 'MODIFIER_PLAYER_DIPLOMACY_SIMPLE_MODIFIER', 'REQSET_AL_LEADER_IS_KANAHO', 0),
        ('MOD_GOVERNOR_AL_HIMEKA_4_1', 'MODIFIER_GOVERNOR_ADJUST_CITY_ENVOYS_MODIFIER', NULL, 0),
        ('MOD_GOVERNOR_AL_HIMEKA_5_1', 'MODIFIER_GOVERNOR_ADJUST_IGNORE_CULTURAL_IDENTITY', NULL, 0),
        ('MOD_GOVERNOR_AL_HIMEKA_6_1', 'MODIFIER_PLAYER_CULTURE_ADJUST_GOVERNMENT_SLOTS_MODIFIER', NULL, 0),
    --
        ('MOD_AL_NULL', 'MODIFIER_ALLIANCE_DO_NOTHING', NULL, 0),
        ('MOD_GOVERNOR_AL_TAKANE_1_1', 'MODIFIER_SINGLE_CITY_EXTRA_DISTRICT', NULL, 0),
        ('MOD_GOVERNOR_AL_TAKANE_1_2', 'MODIFIER_AL_SINGLE_CITY_ADJUST_HAPPINESS_YIELD', NULL, 0),
        ('MOD_GOVERNOR_AL_TAKANE_1_3', 'MODIFIER_AL_SINGLE_CITY_ADJUST_HAPPINESS_YIELD', NULL, 0),
        ('MOD_GOVERNOR_AL_TAKANE_1_4', 'MODIFIER_AL_SINGLE_CITY_ADJUST_HAPPINESS_YIELD', NULL, 0),
        ('MOD_GOVERNOR_AL_TAKANE_1_5', 'MODIFIER_AL_SINGLE_CITY_ADJUST_HAPPINESS_YIELD', NULL, 0),
        ('MOD_GOVERNOR_AL_TAKANE_3_1', 'MODIFIER_PLAYER_UNITS_ADJUST_MOVEMENT', 'PLAYER_HAS_GOLDEN_AGE', 0),
        ('MOD_GOVERNOR_AL_TAKANE_3_2', 'MODIFIER_PLAYER_UNITS_ADJUST_COMBAT_STRENGTH', 'PLAYER_NO_GOLDEN_AGE_REQUIREMENTS', 0),
        ('MOD_GOVERNOR_AL_TAKANE_3_3', 'MODIFIER_PLAYER_UNITS_ADJUST_HEAL_PER_TURN', 'PLAYER_NO_GOLDEN_AGE_REQUIREMENTS', 0),
        ('MOD_GOVERNOR_AL_TAKANE_4_1', 'MODIFIER_SINGLE_CITY_ATTACH_MODIFIER', NULL, 0),
        ('MOD_GOVERNOR_AL_TAKANE_4_2', 'MODIFIER_SINGLE_CITY_BUILDER_CHARGES', 'REQSET_AL_UNIT_IS_KANBALILY', 0),
        ('MOD_GOVERNOR_AL_TAKANE_4_3', 'MODIFIER_CITY_PLOT_YIELDS_ADJUST_PLOT_YIELD', 'REQSET_AL_PLOT_HAS_TOUTOMI_2', 0),
        ('MOD_GOVERNOR_AL_TAKANE_5_1', 'MODIFIER_PLAYER_DISTRICTS_ADJUST_TOURISM_ADJACENCY_YIELD_MOFIFIER', NULL, 0),
        ('MOD_GOVERNOR_AL_TAKANE_6_1', 'MODIFIER_AL_PLAYER_IMPROVEMENTS_ATTACH_MODIFIER', 'REQSET_AL_IMP_IS_TEAGARDEN', 0),
        ('MOD_GOVERNOR_AL_TAKANE_6_2', 'MODIFIER_AL_PLAYER_IMPROVEMENTS_ATTACH_MODIFIER', 'REQSET_AL_IMP_IS_TEAGARDEN', 0),
        ('MOD_GOVERNOR_AL_TAKANE_6_3', 'MODIFIER_PLAYER_CULTURE_ADJUST_GOVERNMENT_SLOTS_MODIFIER', NULL, 0),

        ('MOD_PROMOTION_GOVERNOR_AL_YUYU_1_ROUTECULTURE', 'MODIFIER_SINGLE_CITY_ADJUST_TRADE_ROUTE_YIELD_FOR_INTERNATIONAL', NULL, 0),
        ('MOD_PROMOTION_GOVERNOR_AL_YUYU_1_ROUTECAP', 'MODIFIER_PLAYER_ADJUST_TRADE_ROUTE_CAPACITY', 'REQSET_AL_CITY_HAS_THEATER', 0),
        ('MOD_PROMOTION_GOVERNOR_AL_YUYU_2_CITYCOMBAT', 'MODIFIER_EMERGENCY_COMBATS_ADJUST_ATTACKER_STRENGTH', 'REQSET_AL_ATTACKER_IS_CITY', 0),
        ('MOD_PROMOTION_GOVERNOR_AL_YUYU_3_EXP', 'MODIFIER_SINGLE_CITY_GRANT_ABILITY_FOR_TRAINED_UNITS', NULL, 1),
        ('MOD_PROMOTION_GOVERNOR_AL_YUYU_3_CANMOVE', 'MODIFIER_SINGLE_CITY_GRANT_ABILITY_FOR_TRAINED_UNITS', NULL, 1),
        ('ABILITY_AL_GOV_YUYU_TRAINED_UNIT_XP_BUFF', 'MODIFIER_PLAYER_UNIT_ADJUST_UNIT_EXPERIENCE_MODIFIER', NULL, 0),
        ('ABILITY_AL_GOV_YUYU_UNIT_CANMOVE_BUFF', 'MODIFIER_PLAYER_UNIT_ADJUST_ATTACK_AND_MOVE', NULL, 0),
        ('MOD_PROMOTION_GOVERNOR_AL_YUYU_4_LILYGREATS', 'MODIFIER_ALL_CITIES_ATTACH_MODIFIER', NULL, 0),
        ('MOD_PROMOTION_GOVERNOR_AL_YUYU_4_LILYGREATS_MODIFIER', 'MODIFIER_SINGLE_CITY_DISTRICTS_ADJUST_GREAT_PERSON_POINTS', 'DISTRICT_IS_THEATER', 0),
        ('MOD_PROMOTION_GOVERNOR_AL_YUYU_6_BATTLE', 'MODIFIER_SINGLE_CITY_GRANT_ABILITY_FOR_TRAINED_UNITS', NULL, 1),
        ('MOD_PROMOTION_GOVERNOR_AL_YUYU_6_MILITARY_GOVERNMENT_SLOT', 'MODIFIER_PLAYER_CULTURE_ADJUST_GOVERNMENT_SLOTS_MODIFIER', NULL, 0),
        ('ABILITY_AL_GOV_YUYU_UNIT_BATTLE_ATTACK_BUFF', 'MODIFIER_PLAYER_UNIT_ADJUST_COMBAT_FOR_NUMBER_NEIGHBORS', NULL, 0),
        ('ABILITY_AL_GOV_YUYU_UNIT_BATTLE_DEFENSE_BUFF', 'MODIFIER_UNIT_ADJUST_COMBAT_STRENGTH', 'REQSET_AL_YUYU_UNIT_BATTLE_DEFENSE', 0);

    INSERT INTO Modifiers
        (ModifierId, ModifierType, SubjectRequirementSetId, Permanent, RunOnce) VALUES
        ('MOD_PROMOTION_GOVERNOR_AL_KAEDE_2_SCIENCE', 'MODIFIER_SINGLE_CITY_ADJUST_CITY_YIELD_MODIFIER', 'REQSET_AL_CITY_HAS_INDUSTRIAL_ZONE', 0, 0),
        ('MOD_PROMOTION_GOVERNOR_AL_KAEDE_2_PRODUCTION', 'MODIFIER_SINGLE_CITY_ADJUST_CITY_YIELD_MODIFIER', 'REQSET_AL_CITY_HAS_INDUSTRIAL_ZONE', 0, 0),
        ('MOD_PROMOTION_GOVERNOR_AL_KAEDE_2_LILYGREATS', 'MODIFIER_ALL_CITIES_ATTACH_MODIFIER', NULL, 0, 0),
        ('MOD_PROMOTION_GOVERNOR_AL_KAEDE_2_LILYGREATS_MODIFIER', 'MODIFIER_SINGLE_CITY_DISTRICTS_ADJUST_GREAT_PERSON_POINTS', 'REQSET_AL_DISTRICT_IS_INDUSTRIAL_ZONE', 0, 0),
        ('MOD_PROMOTION_GOVERNOR_AL_KAEDE_3_TRAINEDSCIENCE', 'MODIFIER_SINGLE_CITY_GRANT_YIELD_PER_UNIT_COST', NULL, 1, 1),
        ('MOD_PROMOTION_GOVERNOR_AL_KAEDE_3_TRAINEDGOLD', 'MODIFIER_SINGLE_CITY_GRANT_YIELD_PER_UNIT_COST', NULL, 1, 1),
        ('MOD_PROMOTION_GOVERNOR_AL_KAEDE_4_ABILITY', 'MODIFIER_SINGLE_CITY_GRANT_ABILITY_FOR_TRAINED_UNITS', NULL, 1, 0),
        ('ABILITY_MOD_PROMOTION_GOVERNOR_AL_KAEDE_4_BUFF_SIGHT', 'MODIFIER_PLAYER_UNIT_ADJUST_SIGHT', NULL, 0, 0),
        ('ABILITY_MOD_PROMOTION_GOVERNOR_AL_KAEDE_4_BUFF_MOVE', 'MODIFIER_PLAYER_UNIT_ADJUST_MOVEMENT', NULL, 0, 0),
        ('ABILITY_MOD_PROMOTION_GOVERNOR_AL_KAEDE_4_BUFF_GUARD', 'MODIFIER_UNIT_ADJUST_ESCORT_MOBILITY', NULL, 0, 0),
        ('MOD_PROMOTION_GOVERNOR_AL_KAEDE_6_ABILITY', 'MODIFIER_SINGLE_CITY_GRANT_ABILITY_FOR_TRAINED_UNITS', NULL, 1, 0),
        ('ABILITY_MOD_PROMOTION_GOVERNOR_AL_KAEDE_6_BUFF_ATTACK', 'MODIFIER_PLAYER_UNIT_ADJUST_COMBAT_FOR_NUMBER_NEIGHBORS', NULL, 0, 0),
        ('ABILITY_MOD_PROMOTION_GOVERNOR_AL_KAEDE_6_BUFF_DEFFENSE', 'MODIFIER_UNIT_ADJUST_COMBAT_STRENGTH', 'REQSET_AL_YUYU_UNIT_BATTLE_DEFENSE', 0, 0),
        ('MOD_PROMOTION_GOVERNOR_AL_KAEDE_6_ECOMOMY_GOVERNMENT_SLOT', 'MODIFIER_PLAYER_CULTURE_ADJUST_GOVERNMENT_SLOTS_MODIFIER', NULL, 0, 0);

    INSERT INTO ModifierArguments
    (ModifierId, Name, Value) VALUES
        ('MOD_GOVERNOR_AL_HIMEKA_3_1', 'Score', 1),
        ('MOD_GOVERNOR_AL_HIMEKA_3_1', 'Turns', 1),
        ('MOD_GOVERNOR_AL_HIMEKA_3_2', 'InitialValue', 5),
        ('MOD_GOVERNOR_AL_HIMEKA_3_2', 'StatementKey', 'LOC_DIPLO_KUDO_LEADER_AL_HIMEKA_3_WELCOME_REASON_ANY'),
        ('MOD_GOVERNOR_AL_HIMEKA_3_2', 'SimpleModifierDescription', 'LOC_DIPLO_MODIFIER_DESCRIPTION_AL_HIMEKA_3_WELCOME'),
        ('MOD_GOVERNOR_AL_HIMEKA_4_1', 'Percent', 100),
        ('MOD_GOVERNOR_AL_HIMEKA_5_1', 'Ignore', 1),
        ('MOD_GOVERNOR_AL_HIMEKA_6_1', 'GovernmentSlotType', 'SLOT_ECONOMIC'),
    --
        ('MOD_GOVERNOR_AL_TAKANE_1_1', 'Amount', 1),
        ('MOD_GOVERNOR_AL_TAKANE_1_2', 'YieldType', 'YIELD_CULTURE'),
        ('MOD_GOVERNOR_AL_TAKANE_1_2', 'HappinessType', 'HAPPINESS_HAPPY'),
        ('MOD_GOVERNOR_AL_TAKANE_1_2', 'Amount', 15),
        ('MOD_GOVERNOR_AL_TAKANE_1_3', 'YieldType', 'YIELD_FAITH'),
        ('MOD_GOVERNOR_AL_TAKANE_1_3', 'HappinessType', 'HAPPINESS_HAPPY'),
        ('MOD_GOVERNOR_AL_TAKANE_1_3', 'Amount', 15),
        ('MOD_GOVERNOR_AL_TAKANE_1_4', 'YieldType', 'YIELD_CULTURE'),
        ('MOD_GOVERNOR_AL_TAKANE_1_4', 'HappinessType', 'HAPPINESS_ECSTATIC'),
        ('MOD_GOVERNOR_AL_TAKANE_1_4', 'Amount', 30),
        ('MOD_GOVERNOR_AL_TAKANE_1_5', 'YieldType', 'YIELD_FAITH'),
        ('MOD_GOVERNOR_AL_TAKANE_1_5', 'HappinessType', 'HAPPINESS_ECSTATIC'),
        ('MOD_GOVERNOR_AL_TAKANE_1_5', 'Amount', 30),
        ('MOD_GOVERNOR_AL_TAKANE_3_1', 'Amount', 1),
        ('MOD_GOVERNOR_AL_TAKANE_3_2', 'Amount', 5),
        ('MOD_GOVERNOR_AL_TAKANE_3_3', 'Amount', -5),
        ('MOD_GOVERNOR_AL_TAKANE_4_1', 'ModifierId', 'MOD_GOVERNOR_AL_TAKANE_4_2'),
        ('MOD_GOVERNOR_AL_TAKANE_4_2', 'Amount', 1),
        ('MOD_GOVERNOR_AL_TAKANE_4_3', 'YieldType', 'YIELD_PRODUCTION, YIELD_FOOD'),
        ('MOD_GOVERNOR_AL_TAKANE_4_3', 'Amount', '2,2'),
        ('MOD_GOVERNOR_AL_TAKANE_5_1', 'YieldType', 'YIELD_CULTURE'),
        ('MOD_GOVERNOR_AL_TAKANE_5_1', 'Amount', 100),
        ('MOD_GOVERNOR_AL_TAKANE_6_1', 'ModifierId', 'MOD_AL_GOV_TEAGARDEN_1'),
        ('MOD_GOVERNOR_AL_TAKANE_6_2', 'ModifierId', 'MOD_AL_GOV_TEAGARDEN_2'),
        ('MOD_GOVERNOR_AL_TAKANE_6_3', 'GovernmentSlotType', 'SLOT_MILITARY'),
    --
        ('MOD_PROMOTION_GOVERNOR_AL_KAEDE_2_SCIENCE', 'YieldType', 'YIELD_SCIENCE'),
        ('MOD_PROMOTION_GOVERNOR_AL_KAEDE_2_SCIENCE', 'Amount', 15),
        ('MOD_PROMOTION_GOVERNOR_AL_KAEDE_2_PRODUCTION', 'YieldType', 'YIELD_PRODUCTION'),
        ('MOD_PROMOTION_GOVERNOR_AL_KAEDE_2_PRODUCTION', 'Amount', 15),
        ('MOD_PROMOTION_GOVERNOR_AL_KAEDE_2_LILYGREATS', 'ModifierId', 'MOD_PROMOTION_GOVERNOR_AL_KAEDE_2_LILYGREATS_MODIFIER'),
        ('MOD_PROMOTION_GOVERNOR_AL_KAEDE_2_LILYGREATS_MODIFIER', 'GreatPersonClassType', 'GREAT_PERSON_CLASS_AL_LILY'),
        ('MOD_PROMOTION_GOVERNOR_AL_KAEDE_2_LILYGREATS_MODIFIER', 'Amount', 2),
        ('MOD_PROMOTION_GOVERNOR_AL_KAEDE_3_TRAINEDSCIENCE', 'YieldType', 'YIELD_SCIENCE'),
        ('MOD_PROMOTION_GOVERNOR_AL_KAEDE_3_TRAINEDSCIENCE', 'UnitProductionPercent', 50),
        ('MOD_PROMOTION_GOVERNOR_AL_KAEDE_3_TRAINEDGOLD', 'YieldType', 'YIELD_GOLD'),
        ('MOD_PROMOTION_GOVERNOR_AL_KAEDE_3_TRAINEDGOLD', 'UnitProductionPercent', 50),
        ('MOD_PROMOTION_GOVERNOR_AL_KAEDE_4_ABILITY', 'AbilityType', 'ABILITY_MOD_PROMOTION_GOVERNOR_AL_KAEDE_4'),
        ('ABILITY_MOD_PROMOTION_GOVERNOR_AL_KAEDE_4_BUFF_SIGHT', 'Amount', 2),
        ('ABILITY_MOD_PROMOTION_GOVERNOR_AL_KAEDE_4_BUFF_MOVE', 'Amount', 1),
        ('ABILITY_MOD_PROMOTION_GOVERNOR_AL_KAEDE_4_BUFF_GUARD', 'EscortMobility', 1),
        ('MOD_PROMOTION_GOVERNOR_AL_KAEDE_6_ABILITY', 'AbilityType', 'ABILITY_MOD_PROMOTION_GOVERNOR_AL_KAEDE_6'),
        ('ABILITY_MOD_PROMOTION_GOVERNOR_AL_KAEDE_6_BUFF_ATTACK', 'Amount', 3),
        ('ABILITY_MOD_PROMOTION_GOVERNOR_AL_KAEDE_6_BUFF_DEFFENSE', 'Amount', 3),
        ('MOD_PROMOTION_GOVERNOR_AL_KAEDE_6_ECOMOMY_GOVERNMENT_SLOT', 'GovernmentSlotType', 'SLOT_ECONOMIC'),

        ('MOD_PROMOTION_GOVERNOR_AL_YUYU_1_ROUTECULTURE', 'YieldType', 'YIELD_CULTURE'),
        ('MOD_PROMOTION_GOVERNOR_AL_YUYU_1_ROUTECULTURE', 'Amount', 3),
        ('MOD_PROMOTION_GOVERNOR_AL_YUYU_1_ROUTECAP', 'Amount', 2),
        ('MOD_PROMOTION_GOVERNOR_AL_YUYU_2_CITYCOMBAT', 'Amount', 10),
        ('MOD_PROMOTION_GOVERNOR_AL_YUYU_3_EXP', 'AbilityType', 'ABILITY_AL_GOV_YUYU_TRAINED_UNIT_XP'),
        ('MOD_PROMOTION_GOVERNOR_AL_YUYU_3_CANMOVE', 'AbilityType', 'ABILITY_AL_GOV_YUYU_UNIT_CANMOVE'),
        ('ABILITY_AL_GOV_YUYU_TRAINED_UNIT_XP_BUFF', 'Amount', 25),
        ('ABILITY_AL_GOV_YUYU_UNIT_CANMOVE_BUFF', 'CanMove', 1),
        ('MOD_PROMOTION_GOVERNOR_AL_YUYU_4_LILYGREATS', 'ModifierId', 'MOD_PROMOTION_GOVERNOR_AL_YUYU_4_LILYGREATS_MODIFIER'),
        ('MOD_PROMOTION_GOVERNOR_AL_YUYU_4_LILYGREATS_MODIFIER', 'GreatPersonClassType', 'GREAT_PERSON_CLASS_AL_LILY'),
        ('MOD_PROMOTION_GOVERNOR_AL_YUYU_4_LILYGREATS_MODIFIER', 'Amount', 2),
        ('MOD_PROMOTION_GOVERNOR_AL_YUYU_6_BATTLE', 'AbilityType', 'ABILITY_AL_GOV_YUYU_UNIT_BATTLE'),
        ('ABILITY_AL_GOV_YUYU_UNIT_BATTLE_ATTACK_BUFF', 'Amount', 3),
        ('ABILITY_AL_GOV_YUYU_UNIT_BATTLE_DEFENSE_BUFF', 'Amount', 3),
        ('MOD_PROMOTION_GOVERNOR_AL_YUYU_6_MILITARY_GOVERNMENT_SLOT', 'GovernmentSlotType', 'SLOT_MILITARY');


INSERT INTO ModifierStrings
        (ModifierId, Context, Text) VALUES
        ('MOD_GOVERNOR_AL_TAKANE_3_2', 'Preview', '+{1_Amount} {LOC_PROMOTION_GOVERNOR_AL_TAKANE_3_NAME}'),
        ('MOD_GOVERNOR_AL_HIMEKA_3_2', 'Sample', 'LOC_TOOLTIP_SAMPLE_DIPLOMACY_ALL'),
        ('MOD_PROMOTION_GOVERNOR_AL_YUYU_2_CITYCOMBAT', 'Preview', 'LOC_COMBAT_PREVIEW_MOD_PROMOTION_GOVERNOR_AL_YUYU_2_CITYCOMBAT_BUFF');

--req
    INSERT INTO RequirementSetRequirements
    (RequirementSetId, RequirementId) VALUES
    ('REQSET_AL_CITY_HAS_INDUSTRIAL_ZONE', 'REQUIRES_AL_CITY_HAS_INDUSTRIAL_ZONE'),
    ('REQSET_AL_CITY_HAS_INDUSTRIAL_ZONE', 'REQUIRES_CITY_HAS_INDUSTRIAL_ZONE'),
    ('REQSET_AL_DISTRICT_IS_INDUSTRIAL_ZONE', 'REQUIRES_AL_DISTRICT_IS_INDUSTRIAL_ZONE'),
    ('REQSET_AL_DISTRICT_IS_INDUSTRIAL_ZONE', 'REQUIRES_DISTRICT_IS_INDUSTRIAL_ZONE'),
    ('REQSET_AL_UNIT_IS_KANBALILY', 'REQ_AL_UNIT_IS_KANBALILY'),
    ('REQSET_AL_CITY_HAS_THEATER', 'REQUIRES_CITY_HAS_THEATER_DISTRICT'),
    ('REQSET_AL_ATTACKER_IS_CITY', 'REQUIRES_COMBAT_IS_CITY_STRIKE'),
    ('REQSET_AL_IMP_IS_TEAGARDEN', 'REQ_AL_IMP_IS_TEAGARDEN'),
    ('REQSET_AL_YUYU_UNIT_BATTLE_DEFENSE', 'PLAYER_IS_DEFENDER_REQUIREMENTS');

    INSERT INTO RequirementSets
    (RequirementSetId, RequirementSetType) VALUES
    ('REQSET_AL_CITY_HAS_INDUSTRIAL_ZONE', 'REQUIREMENTSET_TEST_ANY'),
    ('REQSET_AL_DISTRICT_IS_INDUSTRIAL_ZONE', 'REQUIREMENTSET_TEST_ANY'),
    ('REQSET_AL_UNIT_IS_KANBALILY', 'REQUIREMENTSET_TEST_ALL'),
    ('REQSET_AL_CITY_HAS_THEATER', 'REQUIREMENTSET_TEST_ALL'),
    ('REQSET_AL_IMP_IS_TEAGARDEN', 'REQUIREMENTSET_TEST_ALL'),
    ('REQSET_AL_ATTACKER_IS_CITY', 'REQUIREMENTSET_TEST_ALL'),
    ('REQSET_AL_YUYU_UNIT_BATTLE_DEFENSE', 'REQUIREMENTSET_TEST_ALL');

    INSERT INTO Requirements
    (RequirementId, RequirementType) VALUES
    ('REQUIRES_AL_CITY_HAS_INDUSTRIAL_ZONE', 'REQUIREMENT_CITY_HAS_DISTRICT'),
    ('REQ_AL_UNIT_IS_KANBALILY', 'REQUIREMENT_UNIT_TYPE_MATCHES'),
    ('REQ_AL_IMP_IS_TEAGARDEN', 'REQUIREMENT_PLOT_IMPROVEMENT_TYPE_MATCHES'),
    ('REQUIRES_AL_DISTRICT_IS_INDUSTRIAL_ZONE', 'REQUIREMENT_DISTRICT_TYPE_MATCHES');

    INSERT INTO RequirementArguments
    (RequirementId, Name, Value) VALUES
    ('REQ_AL_UNIT_IS_KANBALILY', 'UnitType', 'UNIT_AL_KANBALILY'),
    ('REQ_AL_IMP_IS_TEAGARDEN', 'ImprovementType', 'IMPROVEMENT_AL_TEAGARDEN'),
    ('REQUIRES_AL_CITY_HAS_INDUSTRIAL_ZONE', 'DistrictType', 'DISTRICT_AL_MOYU'),
    ('REQUIRES_AL_DISTRICT_IS_INDUSTRIAL_ZONE', 'DistrictType', 'DISTRICT_AL_MOYU');
    --citystatemodifiers
        CREATE TABLE AL_CityStateModifiers(
                'ModifierId' TEXT NOT NULL,
                PRIMARY KEY(ModifierId)
        );

        INSERT INTO AL_CityStateModifiers (ModifierId)
            SELECT Modifiers.ModifierId
            FROM Modifiers
            WHERE Modifiers.ModifierId IN (
                SELECT Value
                FROM (SELECT * FROM ModifierArguments WHERE ModifierId IN
                    (SELECT ModifierId FROM TraitModifiers WHERE TraitType IN
                    (SELECT TraitType FROM Traits WHERE TraitType LIKE '%MINOR_CIV_%')))
                GROUP BY ModifierId
                HAVING COUNT(DISTINCT Value) = 1
            );

        INSERT INTO GameModifiers (ModifierId)
            SELECT 'MOD_AL_HIMEKA_'|| ModifierId
            FROM AL_CityStateModifiers;
        
        INSERT INTO Modifiers (ModifierId, ModifierType, SubjectRequirementSetId)
            SELECT 'MOD_AL_HIMEKA_'|| ModifierId,'MODIFIER_ALL_CITIES_ATTACH_MODIFIER','REQSET_AL_HIMEKA_'|| ModifierId
            FROM AL_CityStateModifiers;

        INSERT INTO ModifierArguments (ModifierId, Name, Value)
            SELECT 'MOD_AL_HIMEKA_'|| ModifierId,'ModifierId',ModifierId
            FROM AL_CityStateModifiers;

        INSERT INTO RequirementSetRequirements (RequirementSetId, RequirementId)
            SELECT 'REQSET_AL_HIMEKA_'|| ModifierId,'REQ_AL_HIMEKA_'|| ModifierId
            FROM AL_CityStateModifiers;

        INSERT INTO RequirementSets (RequirementSetId, RequirementSetType)
            SELECT 'REQSET_AL_HIMEKA_'|| ModifierId,'REQUIREMENTSET_TEST_ALL'
            FROM AL_CityStateModifiers;

        INSERT INTO Requirements (RequirementId, RequirementType)
            SELECT 'REQ_AL_HIMEKA_'|| ModifierId,'REQUIREMENT_PLOT_PROPERTY_MATCHES'
            FROM AL_CityStateModifiers;

        INSERT INTO RequirementArguments (RequirementId, Name, Value)
            SELECT 'REQ_AL_HIMEKA_'|| ModifierId, 'PropertyName', 'PROPERTY_HIMEKA_'|| ModifierId
            FROM AL_CityStateModifiers;

        INSERT INTO RequirementArguments (RequirementId, Name, Value)
            SELECT 'REQ_AL_HIMEKA_'|| ModifierId, 'PropertyMinimum', 1
            FROM AL_CityStateModifiers;