CREATE TRIGGER AddCityHas AFTER INSERT ON Buildings WHEN New.BuildingType LIKE 'BUILDING\_AL\_%' ESCAPE '\' BEGIN
        INSERT INTO RequirementSets
        (RequirementSetId, RequirementSetType) VALUES
            ('REQSET_AL_CITY_HAS_'|| New.BuildingType, 'REQUIREMENTSET_TEST_ALL');
        INSERT INTO RequirementSetRequirements
        (RequirementSetId, RequirementId) VALUES
            ('REQSET_AL_CITY_HAS_'|| New.BuildingType, 'REQ_AL_CITY_HAS_'|| New.BuildingType);
        INSERT INTO Requirements
        (RequirementId, RequirementType) VALUES
            ('REQ_AL_CITY_HAS_'|| New.BuildingType, 'REQUIREMENT_CITY_HAS_BUILDING');
        INSERT INTO RequirementArguments
        (RequirementId, Name, Value) VALUES
            ('REQ_AL_CITY_HAS_'|| New.BuildingType, 'BuildingType', New.BuildingType);
    END;
--BUILDINGS
    INSERT INTO Types
        (Type, Kind) VALUES
            ('BUILDING_AL_PROMISE', 'KIND_BUILDING'),
            ('BUILDING_AL_ARSENAL', 'KIND_BUILDING'),
            ('BUILDING_AL_TRAINING', 'KIND_BUILDING'),
            ('BUILDING_AL_OHAKA', 'KIND_BUILDING'),
            ('BUILDING_AL_SAKURA', 'KIND_BUILDING'),
            ('BUILDING_AL_AREA_DEFENSE', 'KIND_BUILDING'),
            ('BUILDING_AL_POWER', 'KIND_BUILDING'),
            ('BUILDING_AL_KOUNAI_ONSEN', 'KIND_BUILDING'),
            ('BUILDING_AL_SEITOKAI', 'KIND_BUILDING'),
            ('BUILDING_AL_FUUKI', 'KIND_BUILDING');

    INSERT INTO Buildings
        (BuildingType, Name, Description, PrereqTech, PrereqDistrict, PurchaseYield, Cost, AdvisorType, Maintenance, Housing, CitizenSlots, Entertainment, RegionalRange, PrereqCivic, TraitType, OuterDefenseHitPoints, OuterDefenseStrength) VALUES 
            ('BUILDING_AL_PROMISE', 'LOC_BUILDING_AL_PROMISE_NAME', 'LOC_BUILDING_AL_PROMISE_DESCRIPTION', NULL, 'DISTRICT_AL_GARDEN', 'YIELD_GOLD', 160, 'ADVISOR_CONQUEST', 1, 2, 1, 2, 0,'CIVIC_AL_MEDIEVAL', NULL,0,0),
            ('BUILDING_AL_ARSENAL', 'LOC_BUILDING_AL_ARSENAL_NAME', 'LOC_BUILDING_AL_ARSENAL_DESCRIPTION', 'TECH_AL_MEDIEVAL', 'DISTRICT_AL_GARDEN', 'YIELD_GOLD', 160, 'ADVISOR_CONQUEST', 1, 2, 1, -1, 0,NULL, NULL,0,0),
            ('BUILDING_AL_TRAINING', 'LOC_BUILDING_AL_TRAINING_NAME', 'LOC_BUILDING_AL_TRAINING_DESCRIPTION', 'TECH_AL_MEDIEVAL', 'DISTRICT_AL_GARDEN', 'YIELD_GOLD', 160, 'ADVISOR_CONQUEST', 1, 2, 1, -1, 0,NULL, NULL,0,0),
            ('BUILDING_AL_OHAKA', 'LOC_BUILDING_AL_OHAKA_NAME', 'LOC_BUILDING_AL_OHAKA_DESCRIPTION', NULL, 'DISTRICT_AL_GARDEN', 'YIELD_GOLD', 160, 'ADVISOR_CONQUEST', 1, 2, 1, 2, 0,'CIVIC_AL_MEDIEVAL', NULL,0,0),
            ('BUILDING_AL_SAKURA', 'LOC_BUILDING_AL_SAKURA_NAME', 'LOC_BUILDING_AL_SAKURA_DESCRIPTION', NULL, 'DISTRICT_AL_GARDEN', 'YIELD_GOLD', 140, 'ADVISOR_RELIGIOUS', 1, 2, 1, 2, 0,'CIVIC_AL_MEDIEVAL', 'TRAIT_CIVILIZATION_AL_BUILDING_AL_SAKURA',0,0),
            ('BUILDING_AL_AREA_DEFENSE', 'LOC_BUILDING_AL_AREA_DEFENSE_NAME', 'LOC_BUILDING_AL_AREA_DEFENSE_DESCRIPTION', 'TECH_AL_RENAISSANCE', 'DISTRICT_AL_GARDEN', 'YIELD_GOLD', 300, 'ADVISOR_CONQUEST', 1, 2, 1, 2, 0,NULL, NULL,0,0),
            ('BUILDING_AL_POWER', 'LOC_BUILDING_AL_POWER_NAME', 'LOC_BUILDING_AL_POWER_DESCRIPTION', 'TECH_AL_INDUSTRIAL', 'DISTRICT_AL_GARDEN', 'YIELD_GOLD', 360, 'ADVISOR_CONQUEST', 1, 2, 1, -1, 6,NULL, NULL,0,0),
            ('BUILDING_AL_KOUNAI_ONSEN', 'LOC_BUILDING_AL_KOUNAI_ONSEN_NAME', 'LOC_BUILDING_AL_KOUNAI_ONSEN_DESCRIPTION', NULL, 'DISTRICT_AL_GARDEN', 'YIELD_GOLD', 75, 'ADVISOR_CONQUEST', 1, 2, 3, 2, 9,'CIVIC_AL_CLASSICAL', NULL,0,0),
            ('BUILDING_AL_SEITOKAI', 'LOC_BUILDING_AL_SEITOKAI_NAME', 'LOC_BUILDING_AL_SEITOKAI_DESCRIPTION', NULL, 'DISTRICT_AL_GARDEN', 'YIELD_GOLD', 160, 'ADVISOR_CONQUEST', 1, 2, 1, -1, 0,'CIVIC_AL_FUTURE', NULL,0,0),
            ('BUILDING_AL_FUUKI', 'LOC_BUILDING_AL_FUUKI_NAME', 'LOC_BUILDING_AL_FUUKI_DESCRIPTION', NULL, 'DISTRICT_AL_GARDEN', 'YIELD_GOLD', 160, 'ADVISOR_CONQUEST', 1, 2, 1, -1, 0,'CIVIC_AL_FUTURE', NULL,0,0);

    INSERT INTO Building_YieldChanges
        (BuildingType, YieldType, YieldChange) VALUES
            ('BUILDING_AL_PROMISE', 'YIELD_FOOD', 3),
            ('BUILDING_AL_ARSENAL', 'YIELD_SCIENCE', 3),
            ('BUILDING_AL_ARSENAL', 'YIELD_PRODUCTION', 2),
            ('BUILDING_AL_TRAINING', 'YIELD_SCIENCE', 2),
            ('BUILDING_AL_TRAINING', 'YIELD_PRODUCTION', 3),
            ('BUILDING_AL_OHAKA', 'YIELD_FAITH', 3),
            ('BUILDING_AL_SAKURA', 'YIELD_FAITH', 3),
            ('BUILDING_AL_AREA_DEFENSE', 'YIELD_PRODUCTION', 3),
            ('BUILDING_AL_POWER', 'YIELD_PRODUCTION', 4),
            ('BUILDING_AL_KOUNAI_ONSEN', 'YIELD_PRODUCTION', 3),
            ('BUILDING_AL_KOUNAI_ONSEN', 'YIELD_FOOD', 2),
            ('BUILDING_AL_SEITOKAI', 'YIELD_GOLD', 3),
            ('BUILDING_AL_SEITOKAI', 'YIELD_CULTURE', 2),
            ('BUILDING_AL_FUUKI', 'YIELD_GOLD', 2),
            ('BUILDING_AL_FUUKI', 'YIELD_CULTURE', 3);

    INSERT INTO Building_YieldChangesBonusWithPower
        (BuildingType, YieldType, YieldChange) VALUES
            ('BUILDING_AL_PROMISE', 'YIELD_FOOD', 6),
            ('BUILDING_AL_ARSENAL', 'YIELD_SCIENCE', 6),
            ('BUILDING_AL_TRAINING', 'YIELD_PRODUCTION', 6),
            ('BUILDING_AL_OHAKA', 'YIELD_FAITH', 6),
            ('BUILDING_AL_SAKURA', 'YIELD_FAITH', 6),
            ('BUILDING_AL_AREA_DEFENSE', 'YIELD_PRODUCTION', 6),
            ('BUILDING_AL_KOUNAI_ONSEN', 'YIELD_FOOD', 6),
            ('BUILDING_AL_SEITOKAI', 'YIELD_GOLD', 6),
            ('BUILDING_AL_FUUKI', 'YIELD_CULTURE', 6);

    INSERT INTO Building_GreatPersonPoints
        (BuildingType, GreatPersonClassType, PointsPerTurn) VALUES 
            ('BUILDING_AL_PROMISE', 'GREAT_PERSON_CLASS_AL_LILY', 1),
            ('BUILDING_AL_ARSENAL', 'GREAT_PERSON_CLASS_AL_LILY', 1),
            ('BUILDING_AL_TRAINING', 'GREAT_PERSON_CLASS_AL_LILY', 1),
            ('BUILDING_AL_OHAKA', 'GREAT_PERSON_CLASS_AL_LILY', 1),
            ('BUILDING_AL_SAKURA', 'GREAT_PERSON_CLASS_AL_LILY', 2),
            ('BUILDING_AL_AREA_DEFENSE', 'GREAT_PERSON_CLASS_AL_LILY', 1),
            ('BUILDING_AL_POWER', 'GREAT_PERSON_CLASS_AL_LILY', 1),
            ('BUILDING_AL_KOUNAI_ONSEN', 'GREAT_PERSON_CLASS_AL_LILY', 1),
            ('BUILDING_AL_SEITOKAI', 'GREAT_PERSON_CLASS_AL_LILY', 1),
            ('BUILDING_AL_FUUKI', 'GREAT_PERSON_CLASS_AL_LILY', 1);

    INSERT INTO Building_GreatWorks
        (BuildingType, GreatWorkSlotType, NumSlots) VALUES
            ('BUILDING_AL_PROMISE', 'GREATWORKSLOT_PALACE', 1),
            ('BUILDING_AL_ARSENAL', 'GREATWORKSLOT_PALACE', 1),
            ('BUILDING_AL_TRAINING', 'GREATWORKSLOT_PALACE', 1),
            ('BUILDING_AL_OHAKA', 'GREATWORKSLOT_PALACE', 1),
            ('BUILDING_AL_SAKURA', 'GREATWORKSLOT_PALACE', 1),
            ('BUILDING_AL_AREA_DEFENSE', 'GREATWORKSLOT_PALACE', 1),
            ('BUILDING_AL_KOUNAI_ONSEN', 'GREATWORKSLOT_PALACE', 1),
            ('BUILDING_AL_SEITOKAI', 'GREATWORKSLOT_PALACE', 1),
            ('BUILDING_AL_FUUKI', 'GREATWORKSLOT_PALACE', 1);

    INSERT INTO Building_CitizenYieldChanges
        (BuildingType, YieldType, YieldChange) VALUES
            ('BUILDING_AL_PROMISE', 'YIELD_FOOD', 1),
            ('BUILDING_AL_ARSENAL', 'YIELD_SCIENCE', 1),
            ('BUILDING_AL_ARSENAL', 'YIELD_PRODUCTION', 1),
            ('BUILDING_AL_TRAINING', 'YIELD_SCIENCE', 1),
            ('BUILDING_AL_TRAINING', 'YIELD_PRODUCTION', 1),
            ('BUILDING_AL_OHAKA', 'YIELD_FAITH', 1),
            ('BUILDING_AL_SAKURA', 'YIELD_FAITH', 1),
            ('BUILDING_AL_AREA_DEFENSE', 'YIELD_PRODUCTION', 1),
            ('BUILDING_AL_POWER', 'YIELD_PRODUCTION', 1),
            ('BUILDING_AL_KOUNAI_ONSEN', 'YIELD_PRODUCTION', 1),
            ('BUILDING_AL_SEITOKAI', 'YIELD_GOLD', 1),
            ('BUILDING_AL_SEITOKAI', 'YIELD_CULTURE', 1),
            ('BUILDING_AL_FUUKI', 'YIELD_CULTURE', 1),
            ('BUILDING_AL_FUUKI', 'YIELD_GOLD', 1);

    INSERT INTO Buildings_XP2
        (BuildingType, RequiredPower,ResourceTypeConvertedToPower) VALUES 
            ('BUILDING_AL_PROMISE', 3,NULL),
            ('BUILDING_AL_ARSENAL', 3,NULL),
            ('BUILDING_AL_TRAINING', 3,NULL),
            ('BUILDING_AL_OHAKA', 3,NULL),
            ('BUILDING_AL_SAKURA', 3,NULL),
            ('BUILDING_AL_AREA_DEFENSE', 3,NULL),
            ('BUILDING_AL_KOUNAI_ONSEN', 3,NULL),
            ('BUILDING_AL_SEITOKAI', 3,NULL),
            ('BUILDING_AL_FUUKI', 3,NULL),
            ('BUILDING_AL_POWER', 0,'RESOURCE_AL_MAGI');

    INSERT INTO MutuallyExclusiveBuildings
        (Building, MutuallyExclusiveBuilding) VALUES
            ('BUILDING_AL_ARSENAL', 'BUILDING_AL_TRAINING'),
            ('BUILDING_AL_TRAINING', 'BUILDING_AL_ARSENAL'),
            ('BUILDING_AL_OHAKA', 'BUILDING_AL_PROMISE'),
            ('BUILDING_AL_PROMISE', 'BUILDING_AL_OHAKA'),
            ('BUILDING_AL_SAKURA', 'BUILDING_AL_PROMISE'),
            ('BUILDING_POWER_PLANT', 'BUILDING_AL_POWER'),
            ('BUILDING_FOSSIL_FUEL_POWER_PLANT', 'BUILDING_AL_POWER'),
            ('BUILDING_COAL_POWER_PLANT', 'BUILDING_AL_POWER'),
            ('BUILDING_AL_POWER', 'BUILDING_COAL_POWER_PLANT'),
            ('BUILDING_AL_POWER', 'BUILDING_FOSSIL_FUEL_POWER_PLANT'),
            ('BUILDING_AL_POWER', 'BUILDING_POWER_PLANT'),
            
            ('BUILDING_AL_FUUKI', 'BUILDING_AL_SEITOKAI'),
            ('BUILDING_AL_SEITOKAI', 'BUILDING_AL_FUUKI');

    INSERT INTO BuildingReplaces
        (CivUniqueBuildingType, ReplacesBuildingType) VALUES 
            ('BUILDING_AL_SAKURA', 'BUILDING_AL_OHAKA');

    INSERT INTO BuildingModifiers
        (BuildingType, ModifierId) VALUES 
            ('BUILDING_AL_PROMISE', 'MOD_AL_PROMISE_MAGI'),
            ('BUILDING_AL_PROMISE', 'MOD_AL_PROMISE_FOOD'),
            ('BUILDING_AL_ARSENAL', 'MOD_AL_ARSENAL_MAGI'),
            ('BUILDING_AL_ARSENAL', 'MOD_AL_ARSENAL_SCIENCE'),
            ('BUILDING_AL_TRAINING', 'MOD_AL_TRAINING_MAGI'),
            ('BUILDING_AL_TRAINING', 'MOD_AL_TRAINING_PRODUCTION'),
            ('BUILDING_AL_OHAKA', 'MOD_AL_OHAKA_MAGI'),
            ('BUILDING_AL_OHAKA', 'MOD_AL_OHAKA_FAITH'),
            ('BUILDING_AL_OHAKA', 'MOD_AL_OHAKA_KILL_FAITH'),
            ('BUILDING_AL_SAKURA', 'MOD_AL_OHAKA_MAGI'),
            ('BUILDING_AL_SAKURA', 'MOD_AL_OHAKA_FAITH'),
            ('BUILDING_AL_SAKURA', 'MOD_AL_OHAKA_KILL_FAITH'),
            ('BUILDING_AL_SAKURA', 'MOD_AL_SAKURA_APPEAL'),
            ('BUILDING_AL_AREA_DEFENSE', 'MOD_AL_AREA_DEFENSE_MAGI'),
            ('BUILDING_AL_AREA_DEFENSE', 'MOD_AL_AREA_DEFENSE_PRODUCTION'),
            ('BUILDING_AL_KOUNAI_ONSEN', 'MOD_AL_KOUNAI_ONSEN_MAGI'),
            ('BUILDING_AL_SEITOKAI', 'MOD_AL_SEITOKAI_MAGI'),
            ('BUILDING_AL_SEITOKAI', 'MOD_AL_SEITOKAI_GOLD'),
            ('BUILDING_AL_FUUKI', 'MOD_AL_FUUKI_MAGI'),
            ('BUILDING_AL_FUUKI', 'MOD_AL_FUUKI_CULTURE');

    INSERT INTO Modifiers
        (ModifierId, ModifierType, SubjectRequirementSetId, Permanent) VALUES
            ('MOD_AL_PROMISE_MAGI', 'MODIFIER_PLAYER_ADJUST_FREE_RESOURCE_IMPORT_EXTRACTION', NULL, 1),
            ('MOD_AL_PROMISE_FOOD', 'MODIFIER_SINGLE_CITY_ADJUST_CITY_YIELD_MODIFIER', NULL, 0),
            ('MOD_AL_ARSENAL_MAGI', 'MODIFIER_PLAYER_ADJUST_FREE_RESOURCE_IMPORT_EXTRACTION', NULL, 1),
            ('MOD_AL_ARSENAL_SCIENCE', 'MODIFIER_SINGLE_CITY_ADJUST_CITY_YIELD_MODIFIER', NULL, 0),
            ('MOD_AL_TRAINING_MAGI', 'MODIFIER_PLAYER_ADJUST_FREE_RESOURCE_IMPORT_EXTRACTION', NULL, 1),
            ('MOD_AL_TRAINING_PRODUCTION', 'MODIFIER_SINGLE_CITY_ADJUST_CITY_YIELD_MODIFIER', NULL, 0),
            ('MOD_AL_OHAKA_MAGI', 'MODIFIER_PLAYER_ADJUST_FREE_RESOURCE_IMPORT_EXTRACTION', NULL, 1),
            ('MOD_AL_OHAKA_FAITH', 'MODIFIER_SINGLE_CITY_ADJUST_CITY_YIELD_MODIFIER', NULL, 1),
            ('MOD_AL_OHAKA_KILL_FAITH', 'MODIFIER_PLAYER_UNITS_ATTACH_MODIFIER', 'REQSET_UNIT_IS_LILY_GREAT', 1),
            ('MOD_AL_SAKURA_APPEAL', 'MODIFIER_SINGLE_CITY_ADJUST_CITY_APPEAL', 'AL_SAKURA_PLOT_IS_HILLS_REQUIREMENTS', 1),
            ('MOD_AL_AREA_DEFENSE_MAGI', 'MODIFIER_PLAYER_ADJUST_FREE_RESOURCE_IMPORT_EXTRACTION', NULL, 1),
            ('MOD_AL_KOUNAI_ONSEN_MAGI', 'MODIFIER_PLAYER_ADJUST_FREE_RESOURCE_IMPORT_EXTRACTION', NULL, 1),
            ('MOD_AL_AREA_DEFENSE_PRODUCTION', 'MODIFIER_SINGLE_CITY_ADJUST_CITY_YIELD_MODIFIER', NULL, 0),
            ('MOD_AL_SEITOKAI_MAGI', 'MODIFIER_PLAYER_ADJUST_FREE_RESOURCE_IMPORT_EXTRACTION', NULL, 1),
            ('MOD_AL_SEITOKAI_GOLD', 'MODIFIER_SINGLE_CITY_ADJUST_CITY_YIELD_MODIFIER', NULL, 0),
            ('MOD_AL_FUUKI_MAGI', 'MODIFIER_PLAYER_ADJUST_FREE_RESOURCE_IMPORT_EXTRACTION', NULL, 1),
            ('MOD_AL_FUUKI_CULTURE', 'MODIFIER_SINGLE_CITY_ADJUST_CITY_YIELD_MODIFIER', NULL, 0);

    INSERT INTO ModifierArguments
        (ModifierId, Name, Value) VALUES 
            ('MOD_AL_PROMISE_MAGI', 'ResourceType', 'RESOURCE_AL_MAGI'),
            ('MOD_AL_PROMISE_MAGI', 'Amount', 3),
            ('MOD_AL_PROMISE_FOOD', 'Amount', 15),
            ('MOD_AL_PROMISE_FOOD', 'YieldType', 'YIELD_FOOD'),
            ('MOD_AL_ARSENAL_MAGI', 'ResourceType', 'RESOURCE_AL_MAGI'),
            ('MOD_AL_ARSENAL_MAGI', 'Amount', -4),
            ('MOD_AL_ARSENAL_SCIENCE', 'Amount', 15),
            ('MOD_AL_ARSENAL_SCIENCE', 'YieldType', 'YIELD_SCIENCE'),
            ('MOD_AL_TRAINING_MAGI', 'ResourceType', 'RESOURCE_AL_MAGI'),
            ('MOD_AL_TRAINING_MAGI', 'Amount', -4),
            ('MOD_AL_TRAINING_PRODUCTION', 'Amount', 15),
            ('MOD_AL_TRAINING_PRODUCTION', 'YieldType', 'YIELD_PRODUCTION'),
            ('MOD_AL_OHAKA_MAGI', 'ResourceType', 'RESOURCE_AL_MAGI'),
            ('MOD_AL_OHAKA_MAGI', 'Amount', 3),
            ('MOD_AL_OHAKA_FAITH', 'Amount', 15),
            ('MOD_AL_OHAKA_FAITH', 'YieldType', 'YIELD_FAITH'),
            ('MOD_AL_OHAKA_KILL_FAITH', 'ModifierId', 'BUFF_AL_OHAKA_KILL_FAITH'),
            ('MOD_AL_SAKURA_APPEAL', 'Amount', 2),
            ('MOD_AL_AREA_DEFENSE_MAGI', 'ResourceType', 'RESOURCE_AL_MAGI'),
            ('MOD_AL_AREA_DEFENSE_MAGI', 'Amount', -2),
            ('MOD_AL_AREA_DEFENSE_PRODUCTION', 'Amount', 15),
            ('MOD_AL_AREA_DEFENSE_PRODUCTION', 'YieldType', 'YIELD_FOOD'),
            ('MOD_AL_KOUNAI_ONSEN_MAGI', 'ResourceType', 'RESOURCE_AL_MAGI'),
            ('MOD_AL_KOUNAI_ONSEN_MAGI', 'Amount', 5),
            ('MOD_AL_SEITOKAI_MAGI', 'ResourceType', 'RESOURCE_AL_MAGI'),
            ('MOD_AL_SEITOKAI_MAGI', 'Amount', 2),
            ('MOD_AL_SEITOKAI_GOLD', 'Amount', 15),
            ('MOD_AL_SEITOKAI_GOLD', 'YieldType', 'YIELD_GOLD'),
            ('MOD_AL_FUUKI_MAGI', 'ResourceType', 'RESOURCE_AL_MAGI'),
            ('MOD_AL_FUUKI_MAGI', 'Amount', 2),
            ('MOD_AL_FUUKI_CULTURE', 'Amount', 15),
            ('MOD_AL_FUUKI_CULTURE', 'YieldType', 'YIELD_CULTURE');

    INSERT INTO RequirementSets
        (RequirementSetId, RequirementSetType) VALUES
            ('REQSET_UNIT_IS_LILY_GREAT', 'REQUIREMENTSET_TEST_ALL'),
            ('REQSET_AL_CITY_HAS_MOYU_AND_MILIAM_4', 'REQUIREMENTSET_TEST_ALL'),
            ('REQSET_AL_CITY_HAS_MOYU_AND_MILIAM', 'REQUIREMENTSET_TEST_ALL'),
            ('REQSET_AL_CITY_HAS_MOYU_AND_MILIAM_AND_BUILDING_ARSENAL', 'REQUIREMENTSET_TEST_ALL'),
            ('REQSET_AL_CITY_HAS_MOYU', 'REQUIREMENTSET_TEST_ALL'),
            ('REQSET_AL_CITY_HAS_MILIAM', 'REQUIREMENTSET_TEST_ALL'),
            ('REQSET_AL_CITY_HAS_MOYU_AND_BUILDING_ARSENAL', 'REQUIREMENTSET_TEST_ALL'),
        --
            ('REQSET_AL_SHENLIN_PROPERTY_HIGH_HP_PROMOTION_1_1', 'REQUIREMENTSET_TEST_ALL'),
            ('REQSET_AL_SHENLIN_PROPERTY_MED_HP_PROMOTION_1_1', 'REQUIREMENTSET_TEST_ALL'),
            ('REQSET_AL_SHENLIN_PROPERTY_LOW_HP_PROMOTION_1_1', 'REQUIREMENTSET_TEST_ALL'),

            ('REQSET_AL_SHENLIN_PROPERTY_HIGH_HP_PROMOTION_1_2', 'REQUIREMENTSET_TEST_ALL'),
            ('REQSET_AL_SHENLIN_PROPERTY_MED_HP_PROMOTION_1_2', 'REQUIREMENTSET_TEST_ALL'),
            ('REQSET_AL_SHENLIN_PROPERTY_LOW_HP_PROMOTION_1_2', 'REQUIREMENTSET_TEST_ALL'),

            ('REQSET_AL_SHENLIN_PROPERTY_HIGH_HP_PROMOTION_2_2', 'REQUIREMENTSET_TEST_ALL'),
            ('REQSET_AL_SHENLIN_PROPERTY_MED_HP_PROMOTION_2_2', 'REQUIREMENTSET_TEST_ALL'),
            ('REQSET_AL_SHENLIN_PROPERTY_LOW_HP_PROMOTION_2_2', 'REQUIREMENTSET_TEST_ALL'),

            ('REQSET_AL_SHENLIN_PROPERTY_HIGH_HP_PROMOTION_2_1', 'REQUIREMENTSET_TEST_ALL'),
            ('REQSET_AL_SHENLIN_PROPERTY_MED_HP_PROMOTION_2_1', 'REQUIREMENTSET_TEST_ALL'),
            ('REQSET_AL_SHENLIN_PROPERTY_LOW_HP_PROMOTION_2_1', 'REQUIREMENTSET_TEST_ALL'),

            ('REQSET_AL_SHENLIN_PROPERTY_MED_HP_PROMOTION_3_1', 'REQUIREMENTSET_TEST_ALL'),
            ('REQSET_AL_SHENLIN_PROPERTY_HIGH_HP_PROMOTION_3_2', 'REQUIREMENTSET_TEST_ALL'),
            ('REQSET_AL_SHENLIN_PROPERTY_HIGH_HP_PROMOTION_4_1', 'REQUIREMENTSET_TEST_ALL'),
            ('REQSET_AL_SHENLIN_PROPERTY_MED_HP_PROMOTION_4_1', 'REQUIREMENTSET_TEST_ALL'),

            ('REQSET_AL_YUJIA_PROPERTY_MED_HP_PROMOTION_3_1', 'REQUIREMENTSET_TEST_ALL'),
            ('REQSET_AL_YUJIA_PROPERTY_MED_HP_PROMOTION_4_1', 'REQUIREMENTSET_TEST_ALL'),
            ('REQSET_AL_YUJIA_PROPERTY_HIGH_HP_PROMOTION_4_1', 'REQUIREMENTSET_TEST_ALL'),

            ('REQSET_AL_UNIT_SHENLIN_ADJACENT_YUJIA_AND_ATTACKING', 'REQUIREMENTSET_TEST_ALL'),
            ('REQSET_AL_UNIT_SHENLIN_ADJACENT_YUJIA_AND_DEFFENDING', 'REQUIREMENTSET_TEST_ALL'),
            ('REQSET_AL_UNIT_YUJIA_ADJACENT_SHENLIN_AND_ATTACKING', 'REQUIREMENTSET_TEST_ALL'),
            ('REQSET_AL_UNIT_YUJIA_ADJACENT_SHENLIN', 'REQUIREMENTSET_TEST_ALL'),
            ('REQSET_AL_UNIT_SHENLIN_ADJACENT_YUJIA', 'REQUIREMENTSET_TEST_ALL'),

            ('REQSET_AL_SHENLIN_PROPERTY_MED_OR_LOW_HP', 'REQUIREMENTSET_TEST_ANY'),
            ('REQSET_AL_YUJIA_PROPERTY_MED_OR_LOW_HP', 'REQUIREMENTSET_TEST_ANY'),

            ('REQSET_AL_OPPONENT_IS_HUGE', 'REQUIREMENTSET_TEST_ALL'),
            ('REQSET_AL_OPPONENT_IS_YURIHUGE', 'REQUIREMENTSET_TEST_ALL'),
            ('AL_SAKURA_PLOT_IS_HILLS_REQUIREMENTS', 'REQUIREMENTSET_TEST_ALL');

    INSERT INTO RequirementSetRequirements
        (RequirementSetId, RequirementId) VALUES
            ('REQSET_UNIT_IS_LILY_GREAT', 'REQ_UNIT_IS_LILY_GREAT'),
            ('REQSET_AL_CITY_HAS_MOYU_AND_MILIAM_4', 'REQ_AL_CITY_HAS_MOYU'),
            ('REQSET_AL_CITY_HAS_MOYU_AND_MILIAM_4', 'REQ_AL_CITY_HAS_MILIAM'),
            ('REQSET_AL_CITY_HAS_MOYU_AND_MILIAM_4', 'REQ_AL_CITY_HAS_MILIAM_4'),
            ('REQSET_AL_CITY_HAS_MOYU', 'REQ_AL_CITY_HAS_MOYU'),

            ('REQSET_AL_CITY_HAS_MOYU_AND_BUILDING_ARSENAL', 'REQ_AL_CITY_HAS_MOYU'),
            ('REQSET_AL_CITY_HAS_MOYU_AND_BUILDING_ARSENAL', 'REQ_AL_CITY_HAS_BUILDING_AL_ARSENAL'),

            ('REQSET_AL_CITY_HAS_MOYU_AND_MILIAM_AND_BUILDING_ARSENAL', 'REQ_AL_CITY_HAS_MOYU'),
            ('REQSET_AL_CITY_HAS_MOYU_AND_MILIAM_AND_BUILDING_ARSENAL', 'REQ_AL_CITY_HAS_MILIAM'),
            ('REQSET_AL_CITY_HAS_MOYU_AND_MILIAM_AND_BUILDING_ARSENAL', 'REQ_AL_CITY_HAS_BUILDING_AL_ARSENAL'),

            ('REQSET_AL_CITY_HAS_MILIAM', 'REQ_AL_CITY_HAS_MILIAM'),
            ('REQSET_AL_CITY_HAS_MOYU_AND_MILIAM', 'REQ_AL_CITY_HAS_MOYU'),
            ('REQSET_AL_CITY_HAS_MOYU_AND_MILIAM', 'REQ_AL_CITY_HAS_MILIAM'),
        --
            ('REQSET_AL_SHENLIN_PROPERTY_MED_OR_LOW_HP', 'REQ_AL_SHENLIN_PROPERTY_MED_HP'),
            ('REQSET_AL_SHENLIN_PROPERTY_MED_OR_LOW_HP', 'REQ_AL_SHENLIN_PROPERTY_LOW_HP'),

            ('REQSET_AL_YUJIA_PROPERTY_MED_OR_LOW_HP', 'REQ_AL_YUJIA_PROPERTY_MED_HP'),
            ('REQSET_AL_YUJIA_PROPERTY_MED_OR_LOW_HP', 'REQ_AL_YUJIA_PROPERTY_LOW_HP'),

            ('REQSET_AL_YUJIA_PROPERTY_MED_HP_PROMOTION_3_1', 'REQ_AL_YUJIA_PROPERTY_MED_OR_LOW_HP'),
            ('REQSET_AL_YUJIA_PROPERTY_MED_HP_PROMOTION_3_1', 'REQ_AL_YUJIA_PROPERTY_PROMOTION_3_1'),

            ('REQSET_AL_YUJIA_PROPERTY_MED_HP_PROMOTION_4_1', 'REQ_AL_SHENLIN_PROPERTY_MED_OR_LOW_HP'),
            ('REQSET_AL_YUJIA_PROPERTY_MED_HP_PROMOTION_4_1', 'REQ_AL_YUJIA_PROPERTY_PROMOTION_4_1'),
            ('REQSET_AL_YUJIA_PROPERTY_HIGH_HP_PROMOTION_4_1', 'REQ_AL_SHENLIN_PROPERTY_HIGH_HP'),
            ('REQSET_AL_YUJIA_PROPERTY_HIGH_HP_PROMOTION_4_1', 'REQ_AL_YUJIA_PROPERTY_PROMOTION_4_1'),

            ('REQSET_AL_UNIT_SHENLIN_ADJACENT_YUJIA', 'REQ_AL_UNIT_IS_SHENLIN'),
            ('REQSET_AL_UNIT_SHENLIN_ADJACENT_YUJIA', 'REQ_AL_UNIT_ADJACENT_YUJIA'),

            ('REQSET_AL_UNIT_YUJIA_ADJACENT_SHENLIN', 'REQ_AL_UNIT_IS_YUJIA'),
            ('REQSET_AL_UNIT_YUJIA_ADJACENT_SHENLIN', 'REQ_AL_UNIT_ADJACENT_SHENLIN'),

            ('REQSET_AL_UNIT_YUJIA_ADJACENT_SHENLIN_AND_ATTACKING', 'REQ_AL_UNIT_IS_YUJIA'),
            ('REQSET_AL_UNIT_YUJIA_ADJACENT_SHENLIN_AND_ATTACKING', 'REQ_AL_UNIT_ADJACENT_SHENLIN'),
            ('REQSET_AL_UNIT_YUJIA_ADJACENT_SHENLIN_AND_ATTACKING', 'REQ_AL_UNIT_IS_ATTACKER'),

            ('REQSET_AL_UNIT_SHENLIN_ADJACENT_YUJIA_AND_ATTACKING', 'REQ_AL_UNIT_IS_SHENLIN'),
            ('REQSET_AL_UNIT_SHENLIN_ADJACENT_YUJIA_AND_ATTACKING', 'REQ_AL_UNIT_ADJACENT_YUJIA'),
            ('REQSET_AL_UNIT_SHENLIN_ADJACENT_YUJIA_AND_ATTACKING', 'REQ_AL_UNIT_IS_ATTACKER'),

            ('REQSET_AL_UNIT_SHENLIN_ADJACENT_YUJIA_AND_DEFFENDING', 'REQ_AL_UNIT_IS_SHENLIN'),
            ('REQSET_AL_UNIT_SHENLIN_ADJACENT_YUJIA_AND_DEFFENDING', 'REQ_AL_UNIT_ADJACENT_YUJIA'),
            ('REQSET_AL_UNIT_SHENLIN_ADJACENT_YUJIA_AND_DEFFENDING', 'REQ_AL_UNIT_IS_DEFFENDER'),

            ('REQSET_AL_SHENLIN_PROPERTY_HIGH_HP_PROMOTION_1_2', 'REQ_AL_SHENLIN_PROPERTY_HIGH_HP'),
            ('REQSET_AL_SHENLIN_PROPERTY_HIGH_HP_PROMOTION_1_2', 'REQ_AL_SHENLIN_PROPERTY_PROMOTION_1_2'),
            ('REQSET_AL_SHENLIN_PROPERTY_MED_HP_PROMOTION_1_2', 'REQ_AL_SHENLIN_PROPERTY_MED_HP'),
            ('REQSET_AL_SHENLIN_PROPERTY_MED_HP_PROMOTION_1_2', 'REQ_AL_SHENLIN_PROPERTY_PROMOTION_1_2'),
            ('REQSET_AL_SHENLIN_PROPERTY_LOW_HP_PROMOTION_1_2', 'REQ_AL_SHENLIN_PROPERTY_LOW_HP'),
            ('REQSET_AL_SHENLIN_PROPERTY_LOW_HP_PROMOTION_1_2', 'REQ_AL_SHENLIN_PROPERTY_PROMOTION_1_2'),

            ('REQSET_AL_SHENLIN_PROPERTY_HIGH_HP_PROMOTION_1_1', 'REQ_AL_SHENLIN_PROPERTY_HIGH_HP'),
            ('REQSET_AL_SHENLIN_PROPERTY_HIGH_HP_PROMOTION_1_1', 'REQ_AL_SHENLIN_PROPERTY_PROMOTION_1_1'),
            ('REQSET_AL_SHENLIN_PROPERTY_MED_HP_PROMOTION_1_1', 'REQ_AL_SHENLIN_PROPERTY_MED_HP'),
            ('REQSET_AL_SHENLIN_PROPERTY_MED_HP_PROMOTION_1_1', 'REQ_AL_SHENLIN_PROPERTY_PROMOTION_1_1'),
            ('REQSET_AL_SHENLIN_PROPERTY_LOW_HP_PROMOTION_1_1', 'REQ_AL_SHENLIN_PROPERTY_LOW_HP'),
            ('REQSET_AL_SHENLIN_PROPERTY_LOW_HP_PROMOTION_1_1', 'REQ_AL_SHENLIN_PROPERTY_PROMOTION_1_1'),

            ('REQSET_AL_SHENLIN_PROPERTY_HIGH_HP_PROMOTION_2_1', 'REQ_AL_SHENLIN_PROPERTY_HIGH_HP'),
            ('REQSET_AL_SHENLIN_PROPERTY_HIGH_HP_PROMOTION_2_1', 'REQ_AL_SHENLIN_PROPERTY_PROMOTION_2_1'),
            ('REQSET_AL_SHENLIN_PROPERTY_MED_HP_PROMOTION_2_1', 'REQ_AL_SHENLIN_PROPERTY_MED_HP'),
            ('REQSET_AL_SHENLIN_PROPERTY_MED_HP_PROMOTION_2_1', 'REQ_AL_SHENLIN_PROPERTY_PROMOTION_2_1'),
            ('REQSET_AL_SHENLIN_PROPERTY_LOW_HP_PROMOTION_2_1', 'REQ_AL_SHENLIN_PROPERTY_LOW_HP'),
            ('REQSET_AL_SHENLIN_PROPERTY_LOW_HP_PROMOTION_2_1', 'REQ_AL_SHENLIN_PROPERTY_PROMOTION_2_1'),

            ('REQSET_AL_SHENLIN_PROPERTY_HIGH_HP_PROMOTION_2_2', 'REQ_AL_SHENLIN_PROPERTY_HIGH_HP'),
            ('REQSET_AL_SHENLIN_PROPERTY_HIGH_HP_PROMOTION_2_2', 'REQ_AL_SHENLIN_PROPERTY_PROMOTION_2_2'),
            ('REQSET_AL_SHENLIN_PROPERTY_MED_HP_PROMOTION_2_2', 'REQ_AL_SHENLIN_PROPERTY_MED_HP'),
            ('REQSET_AL_SHENLIN_PROPERTY_MED_HP_PROMOTION_2_2', 'REQ_AL_SHENLIN_PROPERTY_PROMOTION_2_2'),
            ('REQSET_AL_SHENLIN_PROPERTY_LOW_HP_PROMOTION_2_2', 'REQ_AL_SHENLIN_PROPERTY_LOW_HP'),
            ('REQSET_AL_SHENLIN_PROPERTY_LOW_HP_PROMOTION_2_2', 'REQ_AL_SHENLIN_PROPERTY_PROMOTION_2_2'),

            ('REQSET_AL_SHENLIN_PROPERTY_MED_HP_PROMOTION_3_1', 'REQ_AL_SHENLIN_PROPERTY_MED_OR_LOW_HP'),
            ('REQSET_AL_SHENLIN_PROPERTY_MED_HP_PROMOTION_3_1', 'REQ_AL_SHENLIN_PROPERTY_PROMOTION_3_1'),

            ('REQSET_AL_SHENLIN_PROPERTY_HIGH_HP_PROMOTION_3_2', 'REQ_AL_SHENLIN_PROPERTY_HIGH_HP'),
            ('REQSET_AL_SHENLIN_PROPERTY_HIGH_HP_PROMOTION_3_2', 'REQ_AL_SHENLIN_PROPERTY_PROMOTION_3_2'),

            ('REQSET_AL_SHENLIN_PROPERTY_HIGH_HP_PROMOTION_4_1', 'REQ_AL_YUJIA_PROPERTY_HIGH_HP'),
            ('REQSET_AL_SHENLIN_PROPERTY_HIGH_HP_PROMOTION_4_1', 'REQ_AL_SHENLIN_PROPERTY_PROMOTION_4_1'),
            ('REQSET_AL_SHENLIN_PROPERTY_MED_HP_PROMOTION_4_1', 'REQ_AL_YUJIA_PROPERTY_MED_OR_LOW_HP'),
            ('REQSET_AL_SHENLIN_PROPERTY_MED_HP_PROMOTION_4_1', 'REQ_AL_SHENLIN_PROPERTY_PROMOTION_4_1'),

            ('REQSET_AL_OPPONENT_IS_HUGE', 'REQ_OPPONENT_UNIT_IS_HUGE'),
            ('REQSET_AL_OPPONENT_IS_GARRISON_HUGE', 'REQ_OPPONENT_UNIT_IS_HUGE'),
            ('REQSET_AL_OPPONENT_IS_GARRISON_HUGE', 'OPPONENT_IS_FORTIFIED'),
            ('REQSET_AL_OPPONENT_IS_YURIHUGE', 'REQ_OPPONENT_UNIT_IS_YURIHUGE'),
            ('AL_SAKURA_PLOT_IS_HILLS_REQUIREMENTS', 'PLOT_IS_HILLS_REQUIREMENT');

    INSERT INTO Requirements
        (RequirementId, RequirementType) VALUES
            ('REQ_UNIT_IS_LILY_GREAT', 'REQUIREMENT_UNIT_TAG_MATCHES'),

            ('REQ_AL_SHENLIN_PROPERTY_MED_OR_LOW_HP', 'REQUIREMENT_COLLECTION_ALL_MET'),
            ('REQ_AL_YUJIA_PROPERTY_MED_OR_LOW_HP', 'REQUIREMENT_COLLECTION_ALL_MET'),

            ('REQ_AL_SHENLIN_PROPERTY_HIGH_HP', 'REQUIREMENT_PLOT_PROPERTY_MATCHES'),
            ('REQ_AL_SHENLIN_PROPERTY_MED_HP', 'REQUIREMENT_PLOT_PROPERTY_MATCHES'),
            ('REQ_AL_SHENLIN_PROPERTY_LOW_HP', 'REQUIREMENT_PLOT_PROPERTY_MATCHES'),
            ('REQ_AL_YUJIA_PROPERTY_HIGH_HP', 'REQUIREMENT_PLOT_PROPERTY_MATCHES'),
            ('REQ_AL_YUJIA_PROPERTY_MED_HP', 'REQUIREMENT_PLOT_PROPERTY_MATCHES'),
            ('REQ_AL_YUJIA_PROPERTY_LOW_HP', 'REQUIREMENT_PLOT_PROPERTY_MATCHES'),

            ('REQ_AL_SHENLIN_PROPERTY_PROMOTION_1_1', 'REQUIREMENT_PLOT_PROPERTY_MATCHES'),
            ('REQ_AL_SHENLIN_PROPERTY_PROMOTION_1_2', 'REQUIREMENT_PLOT_PROPERTY_MATCHES'),
            ('REQ_AL_SHENLIN_PROPERTY_PROMOTION_2_1', 'REQUIREMENT_PLOT_PROPERTY_MATCHES'),
            ('REQ_AL_SHENLIN_PROPERTY_PROMOTION_2_2', 'REQUIREMENT_PLOT_PROPERTY_MATCHES'),
            ('REQ_AL_SHENLIN_PROPERTY_PROMOTION_3_1', 'REQUIREMENT_PLOT_PROPERTY_MATCHES'),
            ('REQ_AL_SHENLIN_PROPERTY_PROMOTION_3_2', 'REQUIREMENT_PLOT_PROPERTY_MATCHES'),
            ('REQ_AL_SHENLIN_PROPERTY_PROMOTION_4_1', 'REQUIREMENT_PLOT_PROPERTY_MATCHES'),

            ('REQ_AL_CITY_HAS_MOYU_AND_MILIAM', 'REQUIREMENT_PLOT_PROPERTY_MATCHES'),

            ('REQ_AL_YUJIA_PROPERTY_PROMOTION_3_1', 'REQUIREMENT_PLOT_PROPERTY_MATCHES'),
            ('REQ_AL_YUJIA_PROPERTY_PROMOTION_4_1', 'REQUIREMENT_PLOT_PROPERTY_MATCHES'),

            ('REQ_AL_CITY_HAS_MOYU', 'REQUIREMENT_PLOT_PROPERTY_MATCHES'),

            ('REQ_AL_CITY_HAS_MILIAM', 'REQUIREMENT_PLOT_PROPERTY_MATCHES'),
            ('REQ_AL_CITY_HAS_MILIAM_4', 'REQUIREMENT_PLOT_PROPERTY_MATCHES'),

            ('REQ_OPPONENT_UNIT_IS_HUGE', 'REQUIREMENT_OPPONENT_UNIT_TAG_MATCHES'),
            ('REQ_OPPONENT_UNIT_IS_YURIHUGE', 'REQUIREMENT_OPPONENT_UNIT_TAG_MATCHES');

    INSERT INTO RequirementArguments
        (RequirementId, Name, Value) VALUES
            ('REQ_UNIT_IS_LILY_GREAT', 'Tag', 'CLASS_AL_LILY'),

            ('REQ_AL_SHENLIN_PROPERTY_MED_OR_LOW_HP', 'CollectionType', 'COLLECTION_OWNER'),
            ('REQ_AL_SHENLIN_PROPERTY_MED_OR_LOW_HP', 'RequirementSetId', 'REQSET_AL_SHENLIN_PROPERTY_MED_OR_LOW_HP'),

            ('REQ_AL_YUJIA_PROPERTY_MED_OR_LOW_HP', 'CollectionType', 'COLLECTION_OWNER'),
            ('REQ_AL_YUJIA_PROPERTY_MED_OR_LOW_HP', 'RequirementSetId', 'REQSET_AL_YUJIA_PROPERTY_MED_OR_LOW_HP'),

            ('REQ_AL_SHENLIN_PROPERTY_HIGH_HP', 'PropertyName', 'SHENLIN_PROPERTY_HIGH_HP'),
            ('REQ_AL_SHENLIN_PROPERTY_HIGH_HP', 'PropertyMinimum', '1'),
            ('REQ_AL_SHENLIN_PROPERTY_MED_HP', 'PropertyName', 'SHENLIN_PROPERTY_MED_HP'),
            ('REQ_AL_SHENLIN_PROPERTY_MED_HP', 'PropertyMinimum', '1'),
            ('REQ_AL_SHENLIN_PROPERTY_LOW_HP', 'PropertyName', 'SHENLIN_PROPERTY_LOW_HP'),
            ('REQ_AL_SHENLIN_PROPERTY_LOW_HP', 'PropertyMinimum', '1'),

            ('REQ_AL_YUJIA_PROPERTY_HIGH_HP', 'PropertyName', 'YUJIA_PROPERTY_HIGH_HP'),
            ('REQ_AL_YUJIA_PROPERTY_HIGH_HP', 'PropertyMinimum', '1'),
            ('REQ_AL_YUJIA_PROPERTY_MED_HP', 'PropertyName', 'YUJIA_PROPERTY_MED_HP'),
            ('REQ_AL_YUJIA_PROPERTY_MED_HP', 'PropertyMinimum', '1'),
            ('REQ_AL_YUJIA_PROPERTY_LOW_HP', 'PropertyName', 'YUJIA_PROPERTY_LOW_HP'),
            ('REQ_AL_YUJIA_PROPERTY_LOW_HP', 'PropertyMinimum', '1'),

            ('REQ_AL_SHENLIN_PROPERTY_PROMOTION_1_1', 'PropertyName', 'SHENLIN_PROPERTY_PROMOTION_1_1'),
            ('REQ_AL_SHENLIN_PROPERTY_PROMOTION_1_1', 'PropertyMinimum', '1'),
            ('REQ_AL_SHENLIN_PROPERTY_PROMOTION_1_2', 'PropertyName', 'SHENLIN_PROPERTY_PROMOTION_1_2'),
            ('REQ_AL_SHENLIN_PROPERTY_PROMOTION_1_2', 'PropertyMinimum', '1'),
            ('REQ_AL_SHENLIN_PROPERTY_PROMOTION_2_1', 'PropertyName', 'SHENLIN_PROPERTY_PROMOTION_2_1'),
            ('REQ_AL_SHENLIN_PROPERTY_PROMOTION_2_1', 'PropertyMinimum', '1'),
            ('REQ_AL_SHENLIN_PROPERTY_PROMOTION_2_2', 'PropertyName', 'SHENLIN_PROPERTY_PROMOTION_2_2'),
            ('REQ_AL_SHENLIN_PROPERTY_PROMOTION_2_2', 'PropertyMinimum', '1'),
            ('REQ_AL_SHENLIN_PROPERTY_PROMOTION_3_1', 'PropertyName', 'SHENLIN_PROPERTY_PROMOTION_3_1'),
            ('REQ_AL_SHENLIN_PROPERTY_PROMOTION_3_1', 'PropertyMinimum', '1'),
            ('REQ_AL_SHENLIN_PROPERTY_PROMOTION_3_2', 'PropertyName', 'SHENLIN_PROPERTY_PROMOTION_3_2'),
            ('REQ_AL_SHENLIN_PROPERTY_PROMOTION_3_2', 'PropertyMinimum', '1'),
            ('REQ_AL_SHENLIN_PROPERTY_PROMOTION_4_1', 'PropertyName', 'SHENLIN_PROPERTY_PROMOTION_4_1'),
            ('REQ_AL_SHENLIN_PROPERTY_PROMOTION_4_1', 'PropertyMinimum', '1'),

            ('REQ_AL_CITY_HAS_MOYU', 'PropertyName', 'CITY_HAS_MOYU'),
            ('REQ_AL_CITY_HAS_MOYU', 'PropertyMinimum', '1'),
            ('REQ_AL_CITY_HAS_MILIAM', 'PropertyName', 'CITY_HAS_MILIAM'),
            ('REQ_AL_CITY_HAS_MILIAM', 'PropertyMinimum', '1'),
            ('REQ_AL_CITY_HAS_MILIAM_4', 'PropertyName', 'CITY_HAS_MILIAM_4'),
            ('REQ_AL_CITY_HAS_MILIAM_4', 'PropertyMinimum', '1'),

            ('REQ_AL_YUJIA_PROPERTY_PROMOTION_3_1', 'PropertyName', 'YUJIA_PROPERTY_PROMOTION_3_1'),
            ('REQ_AL_YUJIA_PROPERTY_PROMOTION_3_1', 'PropertyMinimum', '1'),
            ('REQ_AL_YUJIA_PROPERTY_PROMOTION_4_1', 'PropertyName', 'YUJIA_PROPERTY_PROMOTION_4_1'),
            ('REQ_AL_YUJIA_PROPERTY_PROMOTION_4_1', 'PropertyMinimum', '1'),

            ('REQ_OPPONENT_UNIT_IS_HUGE', 'Tag', 'CLASS_AL_HUGE'),
            ('REQ_OPPONENT_UNIT_IS_YURIHUGE', 'Tag', 'CLASS_AL_HUGE_YURI');


--ABILITIES
    INSERT INTO Modifiers
        (ModifierId, ModifierType, SubjectRequirementSetId, Permanent) VALUES
            ('BUFF_AL_OHAKA_KILL_FAITH', 'MODIFIER_UNIT_ADJUST_POST_COMBAT_YIELD', 'REQSET_AL_OPPONENT_IS_HUGE', 1);

    INSERT INTO ModifierArguments
        (ModifierId, Name, Value) VALUES
            ('BUFF_AL_OHAKA_KILL_FAITH', 'PercentDefeatedStrength', 25),
            ('BUFF_AL_OHAKA_KILL_FAITH', 'YieldType', 'YIELD_FAITH');

--VISUAL BUILDINGS
    INSERT INTO Types
        (Type, Kind) VALUES
            ('BUILDING_AL_VISUAL_MOYU', 'KIND_BUILDING'),
            ('BUILDING_AL_VISUAL_MOYU_BUFF', 'KIND_BUILDING'),
            ('BUILDING_AL_VISUAL_SHENLIN', 'KIND_BUILDING'),
            ('BUILDING_AL_VISUAL_MOYU_1', 'KIND_BUILDING'),
            ('BUILDING_AL_VISUAL_MOYU_2', 'KIND_BUILDING'),
            ('BUILDING_AL_VISUAL_MOYU_3', 'KIND_BUILDING'),
            ('BUILDING_AL_VISUAL_MOYU_4', 'KIND_BUILDING'),
            ('BUILDING_AL_VISUAL_MOYU_5', 'KIND_BUILDING'),
            ('BUILDING_AL_VISUAL_MOYU_6', 'KIND_BUILDING'),
            ('BUILDING_AL_VISUAL_MOYU_7', 'KIND_BUILDING'),
            ('BUILDING_AL_VISUAL_MOYU_8', 'KIND_BUILDING'),
            ('BUILDING_AL_VISUAL_MOYU_9', 'KIND_BUILDING'),
            ('BUILDING_AL_VISUAL_TADUSA_NEKO', 'KIND_BUILDING'),
            ('BUILDING_AL_VISUAL_TADUSA_NEKO_1', 'KIND_BUILDING'),
            ('BUILDING_AL_VISUAL_TADUSA_NEKO_2', 'KIND_BUILDING'),
            ('BUILDING_AL_VISUAL_CHARM', 'KIND_BUILDING');

    INSERT INTO Buildings
        (BuildingType, Name, PrereqDistrict, Cost, InternalOnly) VALUES
            ('BUILDING_AL_VISUAL_CHARM', 'LOC_BUILDING_AL_VISUAL_CHARM_NAME', 'DISTRICT_CITY_CENTER', 1, 1),
            ('BUILDING_AL_VISUAL_MOYU_BUFF', 'LOC_BUILDING_AL_VISUAL_MOYU_BUFF_NAME', 'DISTRICT_CITY_CENTER', 1, 1),
            ('BUILDING_AL_VISUAL_MOYU', 'LOC_BUILDING_AL_VISUAL_MOYU_NAME', 'DISTRICT_CITY_CENTER', 1, 1),
            ('BUILDING_AL_VISUAL_SHENLIN', 'LOC_BUILDING_AL_VISUAL_SHENLIN_NAME', 'DISTRICT_CITY_CENTER', 1, 1),
            ('BUILDING_AL_VISUAL_MOYU_1', 'LOC_BUILDING_AL_VISUAL_MOYU_1_NAME', 'DISTRICT_CITY_CENTER', 1, 1),
            ('BUILDING_AL_VISUAL_MOYU_2', 'LOC_BUILDING_AL_VISUAL_MOYU_2_NAME', 'DISTRICT_CITY_CENTER', 1, 1),
            ('BUILDING_AL_VISUAL_MOYU_3', 'LOC_BUILDING_AL_VISUAL_MOYU_3_NAME', 'DISTRICT_CITY_CENTER', 1, 1),
            ('BUILDING_AL_VISUAL_MOYU_4', 'LOC_BUILDING_AL_VISUAL_MOYU_4_NAME', 'DISTRICT_CITY_CENTER', 1, 1),
            ('BUILDING_AL_VISUAL_MOYU_5', 'LOC_BUILDING_AL_VISUAL_MOYU_5_NAME', 'DISTRICT_CITY_CENTER', 1, 1),
            ('BUILDING_AL_VISUAL_MOYU_6', 'LOC_BUILDING_AL_VISUAL_MOYU_6_NAME', 'DISTRICT_CITY_CENTER', 1, 1),
            ('BUILDING_AL_VISUAL_MOYU_7', 'LOC_BUILDING_AL_VISUAL_MOYU_7_NAME', 'DISTRICT_CITY_CENTER', 1, 1),
            ('BUILDING_AL_VISUAL_MOYU_8', 'LOC_BUILDING_AL_VISUAL_MOYU_8_NAME', 'DISTRICT_CITY_CENTER', 1, 1),
            ('BUILDING_AL_VISUAL_MOYU_9', 'LOC_BUILDING_AL_VISUAL_MOYU_9_NAME', 'DISTRICT_CITY_CENTER', 1, 1),
            ('BUILDING_AL_VISUAL_TADUSA_NEKO', 'LOC_BUILDING_AL_VISUAL_TADUSA_NEKO_NAME', 'DISTRICT_CITY_CENTER', 1, 1),
            ('BUILDING_AL_VISUAL_TADUSA_NEKO_1', 'LOC_BUILDING_AL_VISUAL_TADUSA_NEKO_1_NAME', 'DISTRICT_CITY_CENTER', 1, 1),
            ('BUILDING_AL_VISUAL_TADUSA_NEKO_2', 'LOC_BUILDING_AL_VISUAL_TADUSA_NEKO_2_NAME', 'DISTRICT_CITY_CENTER', 1, 1);

    INSERT INTO BuildingModifiers
        (BuildingType, ModifierId) VALUES 
            ('BUILDING_AL_VISUAL_MOYU_BUFF', 'MOD_AL_PINKY_PROMISE_1'),
            ('BUILDING_AL_VISUAL_MOYU_BUFF', 'MOD_AL_PINKY_PROMISE_2'),
    --
            ('BUILDING_AL_VISUAL_SHENLIN', 'MOD_BUILDING_AL_VISUAL_SHENLIN_1_1_1'),
            ('BUILDING_AL_VISUAL_SHENLIN', 'MOD_BUILDING_AL_VISUAL_SHENLIN_1_1_2'),
            ('BUILDING_AL_VISUAL_SHENLIN', 'MOD_BUILDING_AL_VISUAL_SHENLIN_1_1_3'),
            ('BUILDING_AL_VISUAL_SHENLIN', 'MOD_BUILDING_AL_VISUAL_SHENLIN_1_1_4'),
            ('BUILDING_AL_VISUAL_SHENLIN', 'MOD_BUILDING_AL_VISUAL_SHENLIN_1_1_5'),
            ('BUILDING_AL_VISUAL_SHENLIN', 'MOD_BUILDING_AL_VISUAL_SHENLIN_1_1_6'),

            ('BUILDING_AL_VISUAL_SHENLIN', 'MOD_BUILDING_AL_VISUAL_SHENLIN_1_2_1'),
            ('BUILDING_AL_VISUAL_SHENLIN', 'MOD_BUILDING_AL_VISUAL_SHENLIN_1_2_2'),
            ('BUILDING_AL_VISUAL_SHENLIN', 'MOD_BUILDING_AL_VISUAL_SHENLIN_1_2_3'),

            ('BUILDING_AL_VISUAL_SHENLIN', 'MOD_BUILDING_AL_VISUAL_SHENLIN_2_1_1'),
            ('BUILDING_AL_VISUAL_SHENLIN', 'MOD_BUILDING_AL_VISUAL_SHENLIN_2_1_2'),
            ('BUILDING_AL_VISUAL_SHENLIN', 'MOD_BUILDING_AL_VISUAL_SHENLIN_2_1_3'),
            ('BUILDING_AL_VISUAL_SHENLIN', 'MOD_BUILDING_AL_VISUAL_SHENLIN_2_1_4'),
            ('BUILDING_AL_VISUAL_SHENLIN', 'MOD_BUILDING_AL_VISUAL_SHENLIN_2_1_5'),
            ('BUILDING_AL_VISUAL_SHENLIN', 'MOD_BUILDING_AL_VISUAL_SHENLIN_2_1_6'),

            ('BUILDING_AL_VISUAL_SHENLIN', 'MOD_BUILDING_AL_VISUAL_SHENLIN_2_2_1'),
            ('BUILDING_AL_VISUAL_SHENLIN', 'MOD_BUILDING_AL_VISUAL_SHENLIN_2_2_2'),
            ('BUILDING_AL_VISUAL_SHENLIN', 'MOD_BUILDING_AL_VISUAL_SHENLIN_2_2_3'),

            ('BUILDING_AL_VISUAL_SHENLIN', 'MOD_BUILDING_AL_VISUAL_SHENLIN_3_1_1'),
            ('BUILDING_AL_VISUAL_SHENLIN', 'MOD_BUILDING_AL_VISUAL_SHENLIN_3_1_2'),
            ('BUILDING_AL_VISUAL_SHENLIN', 'MOD_BUILDING_AL_VISUAL_SHENLIN_3_1_3'),

            ('BUILDING_AL_VISUAL_SHENLIN', 'MOD_BUILDING_AL_VISUAL_SHENLIN_3_2_2'),

            ('BUILDING_AL_VISUAL_SHENLIN', 'MOD_BUILDING_AL_VISUAL_SHENLIN_4_1_1'),
            ('BUILDING_AL_VISUAL_SHENLIN', 'MOD_BUILDING_AL_VISUAL_SHENLIN_4_1_2'),
            ('BUILDING_AL_VISUAL_SHENLIN', 'MOD_BUILDING_AL_VISUAL_SHENLIN_4_1_3'),
            ('BUILDING_AL_VISUAL_SHENLIN', 'MOD_BUILDING_AL_VISUAL_SHENLIN_4_1_4'),
            ('BUILDING_AL_VISUAL_SHENLIN', 'MOD_BUILDING_AL_VISUAL_SHENLIN_4_1_5'),

            ('BUILDING_AL_VISUAL_SHENLIN', 'MOD_BUILDING_AL_VISUAL_YUJIA_3_1_1'),
            ('BUILDING_AL_VISUAL_SHENLIN', 'MOD_BUILDING_AL_VISUAL_YUJIA_3_1_2'),
            ('BUILDING_AL_VISUAL_SHENLIN', 'MOD_BUILDING_AL_VISUAL_YUJIA_4_1_1'),
            ('BUILDING_AL_VISUAL_SHENLIN', 'MOD_BUILDING_AL_VISUAL_YUJIA_4_1_2'),
            ('BUILDING_AL_VISUAL_SHENLIN', 'MOD_BUILDING_AL_VISUAL_YUJIA_4_1_3'),
            ('BUILDING_AL_VISUAL_SHENLIN', 'MOD_BUILDING_AL_VISUAL_YUJIA_4_1_4'),

            ('BUILDING_AL_VISUAL_MOYU_1', 'MOD_BUILDING_AL_VISUAL_MOYU_1'),
            ('BUILDING_AL_VISUAL_MOYU_2', 'MOD_BUILDING_AL_VISUAL_MOYU_2'),
            ('BUILDING_AL_VISUAL_MOYU_3', 'MOD_BUILDING_AL_VISUAL_MOYU_3'),
            ('BUILDING_AL_VISUAL_MOYU_4', 'MOD_BUILDING_AL_VISUAL_MOYU_4'),
            ('BUILDING_AL_VISUAL_MOYU_5', 'MOD_BUILDING_AL_VISUAL_MOYU_5'),
            ('BUILDING_AL_VISUAL_MOYU_6', 'MOD_BUILDING_AL_VISUAL_MOYU_6'),
            ('BUILDING_AL_VISUAL_MOYU_7', 'MOD_BUILDING_AL_VISUAL_MOYU_7'),
            ('BUILDING_AL_VISUAL_TADUSA_NEKO', 'MOD_BUILDING_AL_VISUAL_TADUSA_NEKO'),
            ('BUILDING_AL_VISUAL_TADUSA_NEKO', 'MOD_BUILDING_AL_VISUAL_TADUSA_NEKO_AMENITY'),
            ('BUILDING_AL_VISUAL_TADUSA_NEKO_1', 'MOD_BUILDING_AL_VISUAL_TADUSA_NEKO_1'),
            ('BUILDING_AL_VISUAL_TADUSA_NEKO_2', 'MOD_BUILDING_AL_VISUAL_TADUSA_NEKO_2');
    INSERT INTO Modifiers
        (ModifierId, ModifierType, SubjectRequirementSetId, OwnerRequirementSetId) VALUES

            ('MOD_BUILDING_AL_VISUAL_YUJIA_3_1_1', 'MODIFIER_PLAYER_UNITS_ATTACH_MODIFIER', 'REQSET_AL_UNIT_IS_YUJIA','REQSET_AL_YUJIA_PROPERTY_MED_HP_PROMOTION_3_1'),
            ('MOD_BUILDING_AL_VISUAL_YUJIA_3_1_2', 'MODIFIER_PLAYER_UNITS_ATTACH_MODIFIER', 'REQSET_AL_UNIT_IS_YUJIA','REQSET_AL_YUJIA_PROPERTY_MED_HP_PROMOTION_3_1'),

            ('MOD_BUILDING_AL_VISUAL_YUJIA_4_1_1', 'MODIFIER_PLAYER_UNITS_ATTACH_MODIFIER', 'REQSET_AL_UNIT_IS_YUJIA','REQSET_AL_YUJIA_PROPERTY_HIGH_HP_PROMOTION_4_1'),
            ('MOD_BUILDING_AL_VISUAL_YUJIA_4_1_2', 'MODIFIER_PLAYER_UNITS_ATTACH_MODIFIER', 'REQSET_AL_UNIT_IS_YUJIA','REQSET_AL_YUJIA_PROPERTY_HIGH_HP_PROMOTION_4_1'),
            ('MOD_BUILDING_AL_VISUAL_YUJIA_4_1_3', 'MODIFIER_PLAYER_UNITS_ATTACH_MODIFIER', 'REQSET_AL_UNIT_IS_YUJIA','REQSET_AL_YUJIA_PROPERTY_MED_HP_PROMOTION_4_1'),
            ('MOD_BUILDING_AL_VISUAL_YUJIA_4_1_4', 'MODIFIER_PLAYER_UNITS_ATTACH_MODIFIER', NULL,'REQSET_AL_YUJIA_PROPERTY_MED_HP_PROMOTION_4_1'),

            ('MOD_BUILDING_AL_VISUAL_SHENLIN_2_2_1', 'MODIFIER_PLAYER_UNITS_ATTACH_MODIFIER', 'REQSET_AL_UNIT_IS_SHENLIN','REQSET_AL_SHENLIN_PROPERTY_HIGH_HP_PROMOTION_2_2'),
            ('MOD_BUILDING_AL_VISUAL_SHENLIN_2_2_2', 'MODIFIER_PLAYER_UNITS_ATTACH_MODIFIER', 'REQSET_AL_UNIT_IS_SHENLIN','REQSET_AL_SHENLIN_PROPERTY_MED_HP_PROMOTION_2_2'),
            ('MOD_BUILDING_AL_VISUAL_SHENLIN_2_2_3', 'MODIFIER_PLAYER_UNITS_ATTACH_MODIFIER', 'REQSET_AL_UNIT_IS_SHENLIN','REQSET_AL_SHENLIN_PROPERTY_LOW_HP_PROMOTION_2_2'),

            ('MOD_BUILDING_AL_VISUAL_SHENLIN_4_1_1', 'MODIFIER_PLAYER_UNITS_ATTACH_MODIFIER', 'REQSET_AL_UNIT_IS_SHENLIN','REQSET_AL_SHENLIN_PROPERTY_HIGH_HP_PROMOTION_4_1'),
            ('MOD_BUILDING_AL_VISUAL_SHENLIN_4_1_2', 'MODIFIER_PLAYER_UNITS_ATTACH_MODIFIER', 'REQSET_AL_UNIT_IS_SHENLIN','REQSET_AL_SHENLIN_PROPERTY_HIGH_HP_PROMOTION_4_1'),
            ('MOD_BUILDING_AL_VISUAL_SHENLIN_4_1_3', 'MODIFIER_PLAYER_UNITS_ATTACH_MODIFIER', 'REQSET_AL_UNIT_IS_SHENLIN','REQSET_AL_SHENLIN_PROPERTY_MED_HP_PROMOTION_4_1'),
            ('MOD_BUILDING_AL_VISUAL_SHENLIN_4_1_4', 'MODIFIER_PLAYER_UNITS_ATTACH_MODIFIER', 'REQSET_AL_UNIT_IS_SHENLIN','REQSET_AL_SHENLIN_PROPERTY_MED_HP_PROMOTION_4_1'),
            ('MOD_BUILDING_AL_VISUAL_SHENLIN_4_1_5', 'MODIFIER_PLAYER_UNITS_ATTACH_MODIFIER', 'REQSET_AL_UNIT_IS_SHENLIN','REQSET_AL_SHENLIN_PROPERTY_MED_HP_PROMOTION_4_1'),

            ('MOD_BUILDING_AL_VISUAL_SHENLIN_3_1_1', 'MODIFIER_PLAYER_UNITS_ATTACH_MODIFIER', 'REQSET_AL_UNIT_IS_SHENLIN','REQSET_AL_SHENLIN_PROPERTY_MED_HP_PROMOTION_3_1'),
            ('MOD_BUILDING_AL_VISUAL_SHENLIN_3_1_2', 'MODIFIER_PLAYER_UNITS_ATTACH_MODIFIER', 'REQSET_AL_UNIT_IS_SHENLIN','REQSET_AL_SHENLIN_PROPERTY_MED_HP_PROMOTION_3_1'),
            ('MOD_BUILDING_AL_VISUAL_SHENLIN_3_1_3', 'MODIFIER_PLAYER_UNITS_ATTACH_MODIFIER', 'REQSET_AL_UNIT_IS_SHENLIN','REQSET_AL_SHENLIN_PROPERTY_MED_HP_PROMOTION_3_1'),

            ('MOD_BUILDING_AL_VISUAL_SHENLIN_3_2_2', 'MODIFIER_PLAYER_UNITS_ATTACH_MODIFIER', 'REQSET_AL_UNIT_IS_SHENLIN','REQSET_AL_SHENLIN_PROPERTY_HIGH_HP_PROMOTION_3_2'),

            ('MOD_BUILDING_AL_VISUAL_SHENLIN_2_1_1', 'MODIFIER_PLAYER_UNITS_ATTACH_MODIFIER', 'REQSET_AL_UNIT_IS_SHENLIN','REQSET_AL_SHENLIN_PROPERTY_HIGH_HP_PROMOTION_2_1'),
            ('MOD_BUILDING_AL_VISUAL_SHENLIN_2_1_2', 'MODIFIER_PLAYER_UNITS_ATTACH_MODIFIER', 'REQSET_AL_UNIT_IS_SHENLIN','REQSET_AL_SHENLIN_PROPERTY_HIGH_HP_PROMOTION_2_1'),
            ('MOD_BUILDING_AL_VISUAL_SHENLIN_2_1_3', 'MODIFIER_PLAYER_UNITS_ATTACH_MODIFIER', 'REQSET_AL_UNIT_IS_SHENLIN','REQSET_AL_SHENLIN_PROPERTY_MED_HP_PROMOTION_2_1'),
            ('MOD_BUILDING_AL_VISUAL_SHENLIN_2_1_4', 'MODIFIER_PLAYER_UNITS_ATTACH_MODIFIER', 'REQSET_AL_UNIT_IS_SHENLIN','REQSET_AL_SHENLIN_PROPERTY_MED_HP_PROMOTION_2_1'),
            ('MOD_BUILDING_AL_VISUAL_SHENLIN_2_1_5', 'MODIFIER_PLAYER_UNITS_ATTACH_MODIFIER', 'REQSET_AL_UNIT_IS_SHENLIN','REQSET_AL_SHENLIN_PROPERTY_LOW_HP_PROMOTION_2_1'),
            ('MOD_BUILDING_AL_VISUAL_SHENLIN_2_1_6', 'MODIFIER_PLAYER_UNITS_ATTACH_MODIFIER', 'REQSET_AL_UNIT_IS_SHENLIN','REQSET_AL_SHENLIN_PROPERTY_LOW_HP_PROMOTION_2_1'),

            ('MOD_BUILDING_AL_VISUAL_SHENLIN_1_2_1', 'MODIFIER_PLAYER_UNITS_ATTACH_MODIFIER', 'REQSET_AL_UNIT_IS_SHENLIN','REQSET_AL_SHENLIN_PROPERTY_HIGH_HP_PROMOTION_1_2'),
            ('MOD_BUILDING_AL_VISUAL_SHENLIN_1_2_2', 'MODIFIER_PLAYER_UNITS_ATTACH_MODIFIER', 'REQSET_AL_UNIT_IS_SHENLIN','REQSET_AL_SHENLIN_PROPERTY_MED_HP_PROMOTION_1_2'),
            ('MOD_BUILDING_AL_VISUAL_SHENLIN_1_2_3', 'MODIFIER_PLAYER_UNITS_ATTACH_MODIFIER', 'REQSET_AL_UNIT_IS_SHENLIN','REQSET_AL_SHENLIN_PROPERTY_LOW_HP_PROMOTION_1_2'),

            ('MOD_BUILDING_AL_VISUAL_SHENLIN_1_1_1', 'MODIFIER_PLAYER_UNITS_ATTACH_MODIFIER', 'REQSET_AL_UNIT_IS_SHENLIN','REQSET_AL_SHENLIN_PROPERTY_HIGH_HP_PROMOTION_1_1'),
            ('MOD_BUILDING_AL_VISUAL_SHENLIN_1_1_2', 'MODIFIER_PLAYER_UNITS_ATTACH_MODIFIER', 'REQSET_AL_UNIT_IS_SHENLIN','REQSET_AL_SHENLIN_PROPERTY_HIGH_HP_PROMOTION_1_1'),
            ('MOD_BUILDING_AL_VISUAL_SHENLIN_1_1_3', 'MODIFIER_PLAYER_UNITS_ATTACH_MODIFIER', 'REQSET_AL_UNIT_IS_SHENLIN','REQSET_AL_SHENLIN_PROPERTY_MED_HP_PROMOTION_1_1'),
            ('MOD_BUILDING_AL_VISUAL_SHENLIN_1_1_4', 'MODIFIER_PLAYER_UNITS_ATTACH_MODIFIER', 'REQSET_AL_UNIT_IS_SHENLIN','REQSET_AL_SHENLIN_PROPERTY_MED_HP_PROMOTION_1_1'),
            ('MOD_BUILDING_AL_VISUAL_SHENLIN_1_1_5', 'MODIFIER_PLAYER_UNITS_ATTACH_MODIFIER', 'REQSET_AL_UNIT_IS_SHENLIN','REQSET_AL_SHENLIN_PROPERTY_LOW_HP_PROMOTION_1_1'),
            ('MOD_BUILDING_AL_VISUAL_SHENLIN_1_1_6', 'MODIFIER_PLAYER_UNITS_ATTACH_MODIFIER', 'REQSET_AL_UNIT_IS_SHENLIN','REQSET_AL_SHENLIN_PROPERTY_LOW_HP_PROMOTION_1_1');

    INSERT INTO Modifiers
        (ModifierId, ModifierType, SubjectRequirementSetId) VALUES
            ('MOD_AL_PINKY_PROMISE_1', 'MODIFIER_SINGLE_CITY_ADJUST_CITY_YIELD_MODIFIER', 'REQSET_AL_CITY_HAS_MOYU_AND_MILIAM_4'),
            ('MOD_AL_PINKY_PROMISE_2', 'MODIFIER_SINGLE_CITY_ADJUST_CITY_YIELD_MODIFIER', 'REQSET_AL_CITY_HAS_MOYU_AND_MILIAM_4'),
        --
            ('MOD_SHENLIN_PROMOTION_1_2_1', 'MODIFIER_PLAYER_UNIT_ADJUST_HEAL_PER_TURN', 'REQSET_AL_UNIT_IS_SHENLIN'),
            ('MOD_SHENLIN_PROMOTION_1_2_2', 'MODIFIER_PLAYER_UNIT_ADJUST_HEAL_PER_TURN', 'REQSET_AL_UNIT_IS_SHENLIN'),
            ('MOD_SHENLIN_PROMOTION_1_2_3', 'MODIFIER_PLAYER_UNIT_ADJUST_HEAL_PER_TURN', 'REQSET_AL_UNIT_IS_SHENLIN'),

            ('MOD_YUJIA_PROMOTION_3_1_1', 'MODIFIER_UNIT_ADJUST_ATTACK_RANGE', 'REQSET_AL_UNIT_YUJIA_ADJACENT_SHENLIN'),
            ('MOD_YUJIA_PROMOTION_3_1_2', 'MODIFIER_PLAYER_UNITS_ADJUST_COMBAT_STRENGTH', 'REQSET_AL_UNIT_YUJIA_ADJACENT_SHENLIN_AND_ATTACKING'),

            ('MOD_YUJIA_PROMOTION_4_1_1', 'MODIFIER_PLAYER_UNIT_ADJUST_MOVEMENT', 'REQSET_AL_UNIT_YUJIA_ADJACENT_SHENLIN'),
            ('MOD_YUJIA_PROMOTION_4_1_2', 'MODIFIER_PLAYER_UNITS_ADJUST_COMBAT_STRENGTH', 'REQSET_AL_UNIT_YUJIA_ADJACENT_SHENLIN'),
            ('MOD_YUJIA_PROMOTION_4_1_3', 'MODIFIER_UNIT_ADJUST_ATTACK_RANGE', 'REQSET_AL_UNIT_YUJIA_ADJACENT_SHENLIN'),
            ('MOD_YUJIA_PROMOTION_4_1_4', 'MODIFIER_PLAYER_UNITS_ADJUST_COMBAT_STRENGTH', 'REQSET_AL_UNIT_SHENLIN_ADJACENT_YUJIA_AND_DEFFENDING'),
            

            ('MOD_SHENLIN_PROMOTION_1_1_1', 'MODIFIER_PLAYER_UNITS_ADJUST_COMBAT_STRENGTH', 'REQSET_AL_UNIT_IS_SHENLIN_AND_ATTACKING'),
            ('MOD_SHENLIN_PROMOTION_1_1_2', 'MODIFIER_PLAYER_UNITS_ADJUST_COMBAT_STRENGTH', 'REQSET_AL_UNIT_IS_SHENLIN_AND_DEFFENDING'),
            ('MOD_SHENLIN_PROMOTION_1_1_3', 'MODIFIER_PLAYER_UNITS_ADJUST_COMBAT_STRENGTH', 'REQSET_AL_UNIT_IS_SHENLIN_AND_ATTACKING'),
            ('MOD_SHENLIN_PROMOTION_1_1_4', 'MODIFIER_PLAYER_UNITS_ADJUST_COMBAT_STRENGTH', 'REQSET_AL_UNIT_IS_SHENLIN_AND_DEFFENDING'),
            ('MOD_SHENLIN_PROMOTION_1_1_5', 'MODIFIER_PLAYER_UNITS_ADJUST_COMBAT_STRENGTH', 'REQSET_AL_UNIT_IS_SHENLIN_AND_ATTACKING'),
            ('MOD_SHENLIN_PROMOTION_1_1_6', 'MODIFIER_PLAYER_UNITS_ADJUST_COMBAT_STRENGTH', 'REQSET_AL_UNIT_IS_SHENLIN_AND_DEFFENDING'),

            ('MOD_SHENLIN_PROMOTION_2_1_1', 'MODIFIER_PLAYER_UNITS_ADJUST_COMBAT_STRENGTH', 'REQSET_AL_UNIT_IS_SHENLIN_AND_ATTACKING'),
            ('MOD_SHENLIN_PROMOTION_2_1_2', 'MODIFIER_PLAYER_UNITS_ADJUST_COMBAT_STRENGTH', 'REQSET_AL_UNIT_IS_SHENLIN_AND_DEFFENDING'),
            ('MOD_SHENLIN_PROMOTION_2_1_3', 'MODIFIER_PLAYER_UNITS_ADJUST_COMBAT_STRENGTH', 'REQSET_AL_UNIT_IS_SHENLIN_AND_ATTACKING'),
            ('MOD_SHENLIN_PROMOTION_2_1_4', 'MODIFIER_PLAYER_UNITS_ADJUST_COMBAT_STRENGTH', 'REQSET_AL_UNIT_IS_SHENLIN_AND_DEFFENDING'),
            ('MOD_SHENLIN_PROMOTION_2_1_5', 'MODIFIER_PLAYER_UNITS_ADJUST_COMBAT_STRENGTH', 'REQSET_AL_UNIT_IS_SHENLIN_AND_ATTACKING'),
            ('MOD_SHENLIN_PROMOTION_2_1_6', 'MODIFIER_PLAYER_UNITS_ADJUST_COMBAT_STRENGTH', 'REQSET_AL_UNIT_IS_SHENLIN_AND_DEFFENDING'),

            ('MOD_SHENLIN_PROMOTION_2_2_1', 'MODIFIER_PLAYER_UNIT_ADJUST_MOVEMENT', 'REQSET_AL_UNIT_IS_SHENLIN'),
            ('MOD_SHENLIN_PROMOTION_2_2_2', 'MODIFIER_PLAYER_UNIT_ADJUST_MOVEMENT', 'REQSET_AL_UNIT_IS_SHENLIN'),
            ('MOD_SHENLIN_PROMOTION_2_2_3', 'MODIFIER_PLAYER_UNIT_ADJUST_MOVEMENT', 'REQSET_AL_UNIT_IS_SHENLIN'),

            ('MOD_SHENLIN_PROMOTION_3_1_1', 'MODIFIER_PLAYER_UNITS_ADJUST_COMBAT_STRENGTH', 'REQSET_AL_UNIT_IS_SHENLIN_AND_DEFFENDING'),
            ('MOD_SHENLIN_PROMOTION_3_1_2', 'MODIFIER_SINGLE_UNIT_ADJUST_JUMP_DISTANCE', 'REQSET_AL_UNIT_IS_SHENLIN'),
            ('MOD_SHENLIN_PROMOTION_3_1_3', 'MODIFIER_UNIT_ADJUST_NUM_ATTACKS', 'REQSET_AL_UNIT_IS_SHENLIN'),
            
            ('MOD_SHENLIN_PROMOTION_3_2_2', 'MODIFIER_PLAYER_UNITS_ADJUST_COMBAT_STRENGTH', 'REQSET_AL_UNIT_SHENLIN_ADJACENT_YUJIA_AND_ATTACKING'),

            ('MOD_SHENLIN_PROMOTION_4_1_1', 'MODIFIER_UNIT_ADJUST_ATTACK_RANGE', 'REQSET_AL_UNIT_SHENLIN_ADJACENT_YUJIA'),
            ('MOD_SHENLIN_PROMOTION_4_1_2', 'MODIFIER_PLAYER_UNITS_ADJUST_COMBAT_STRENGTH', 'REQSET_AL_UNIT_SHENLIN_ADJACENT_YUJIA'),
            ('MOD_SHENLIN_PROMOTION_4_1_3', 'MODIFIER_PLAYER_UNIT_ADJUST_MOVEMENT', 'REQSET_AL_UNIT_SHENLIN_ADJACENT_YUJIA'),
            ('MOD_SHENLIN_PROMOTION_4_1_4', 'MODIFIER_PLAYER_UNITS_ADJUST_COMBAT_STRENGTH', 'REQSET_AL_UNIT_SHENLIN_ADJACENT_YUJIA_AND_ATTACKING'),
            ('MOD_SHENLIN_PROMOTION_4_1_5', 'MODIFIER_PLAYER_UNITS_ADJUST_COMBAT_STRENGTH', 'REQSET_AL_UNIT_SHENLIN_ADJACENT_YUJIA_AND_DEFFENDING'),
            ('MOD_BUILDING_AL_VISUAL_MOYU_1', 'MODIFIER_PLAYER_UNITS_ADJUST_COMBAT_STRENGTH', 'REQSET_UNIT_IS_LILY_GREAT'),
            ('MOD_BUILDING_AL_VISUAL_MOYU_2', 'MODIFIER_PLAYER_UNITS_ADJUST_ATTACK_RANGE', 'REQSET_UNIT_IS_LILY_GREAT'),
            ('MOD_BUILDING_AL_VISUAL_MOYU_3', 'MODIFIER_PLAYER_UNITS_ADJUST_MOVEMENT', 'REQSET_UNIT_IS_LILY_GREAT'),
            ('MOD_BUILDING_AL_VISUAL_MOYU_4', 'MODIFIER_PLAYER_UNITS_ADJUST_UNIT_EXPERIENCE_MODIFIER', 'REQSET_UNIT_IS_LILY_GREAT'),
            ('MOD_BUILDING_AL_VISUAL_MOYU_5', 'MODIFIER_PLAYER_CITIES_ATTACH_MODIFIER', NULL),
            ('BUFF_BUILDING_AL_VISUAL_MOYU_5', 'MODIFIER_SINGLE_CITY_ADJUST_CITY_YIELD_MODIFIER', NULL),
            ('MOD_BUILDING_AL_VISUAL_MOYU_6', 'MODIFIER_PLAYER_UNITS_ADJUST_COMBAT_STRENGTH', 'REQSET_UNIT_IS_LILY_GREAT'),
            ('MOD_BUILDING_AL_VISUAL_MOYU_7', 'MODIFIER_PLAYER_CITIES_ATTACH_MODIFIER', NULL),
            ('BUFF_BUILDING_AL_VISUAL_MOYU_7', 'MODIFIER_SINGLE_CITY_ADJUST_CITY_YIELD_MODIFIER', NULL),
            ('MOD_BUILDING_AL_VISUAL_TADUSA_NEKO', 'MODIFIER_PLAYER_ALLOW_PROJECT_CHINA', NULL),
            ('MOD_BUILDING_AL_VISUAL_TADUSA_NEKO_AMENITY', 'MODIFIER_SINGLE_CITY_ADJUST_ENTERTAINMENT', NULL),
            ('MOD_BUILDING_AL_VISUAL_TADUSA_NEKO_1', 'MODIFIER_SINGLE_CITY_ADJUST_CITY_YIELD_PER_POPULATION', NULL),
            ('MOD_BUILDING_AL_VISUAL_TADUSA_NEKO_2', 'MODIFIER_AL_SINGLE_CITIY_ADJUST_YIELD_MODIFIER_FROM_FAITH', NULL);

    INSERT INTO ModifierArguments
        (ModifierId, Name, Value) VALUES
            ('MOD_AL_PINKY_PROMISE_1', 'YieldType', 'YIELD_PRODUCTION'),
            ('MOD_AL_PINKY_PROMISE_2', 'YieldType', 'YIELD_SCIENCE'),
            ('MOD_AL_PINKY_PROMISE_1', 'Amount', 15),
            ('MOD_AL_PINKY_PROMISE_2', 'Amount', 15),
        --
            ('MOD_BUILDING_AL_VISUAL_YUJIA_3_1_1', 'ModifierId', 'MOD_YUJIA_PROMOTION_3_1_1'),
            ('MOD_BUILDING_AL_VISUAL_YUJIA_3_1_2', 'ModifierId', 'MOD_YUJIA_PROMOTION_3_1_2'),
            ('MOD_BUILDING_AL_VISUAL_YUJIA_4_1_1', 'ModifierId', 'MOD_YUJIA_PROMOTION_4_1_1'),
            ('MOD_BUILDING_AL_VISUAL_YUJIA_4_1_2', 'ModifierId', 'MOD_YUJIA_PROMOTION_4_1_2'),
            ('MOD_BUILDING_AL_VISUAL_YUJIA_4_1_3', 'ModifierId', 'MOD_YUJIA_PROMOTION_4_1_3'),
            ('MOD_BUILDING_AL_VISUAL_YUJIA_4_1_4', 'ModifierId', 'MOD_YUJIA_PROMOTION_4_1_4'),

            ('MOD_YUJIA_PROMOTION_3_1_1', 'Amount', 1),
            ('MOD_YUJIA_PROMOTION_3_1_2', 'Amount', 15),
            ('MOD_YUJIA_PROMOTION_4_1_1', 'Amount', 1),
            ('MOD_YUJIA_PROMOTION_4_1_2', 'Amount', 10),
            ('MOD_YUJIA_PROMOTION_4_1_3', 'Amount', 1),
            ('MOD_YUJIA_PROMOTION_4_1_4', 'Amount', 10),
            ('MOD_BUILDING_AL_VISUAL_SHENLIN_1_2_1', 'ModifierId', 'MOD_SHENLIN_PROMOTION_1_2_1'),
            ('MOD_BUILDING_AL_VISUAL_SHENLIN_1_2_2', 'ModifierId', 'MOD_SHENLIN_PROMOTION_1_2_2'),
            ('MOD_BUILDING_AL_VISUAL_SHENLIN_1_2_3', 'ModifierId', 'MOD_SHENLIN_PROMOTION_1_2_3'),

            ('MOD_BUILDING_AL_VISUAL_SHENLIN_1_1_1', 'ModifierId', 'MOD_SHENLIN_PROMOTION_1_1_1'),
            ('MOD_BUILDING_AL_VISUAL_SHENLIN_1_1_2', 'ModifierId', 'MOD_SHENLIN_PROMOTION_1_1_2'),
            ('MOD_BUILDING_AL_VISUAL_SHENLIN_1_1_3', 'ModifierId', 'MOD_SHENLIN_PROMOTION_1_1_3'),
            ('MOD_BUILDING_AL_VISUAL_SHENLIN_1_1_4', 'ModifierId', 'MOD_SHENLIN_PROMOTION_1_1_4'),
            ('MOD_BUILDING_AL_VISUAL_SHENLIN_1_1_5', 'ModifierId', 'MOD_SHENLIN_PROMOTION_1_1_5'),
            ('MOD_BUILDING_AL_VISUAL_SHENLIN_1_1_6', 'ModifierId', 'MOD_SHENLIN_PROMOTION_1_1_6'),

            ('MOD_BUILDING_AL_VISUAL_SHENLIN_4_1_1', 'ModifierId', 'MOD_SHENLIN_PROMOTION_4_1_1'),
            ('MOD_BUILDING_AL_VISUAL_SHENLIN_4_1_2', 'ModifierId', 'MOD_SHENLIN_PROMOTION_4_1_2'),
            ('MOD_BUILDING_AL_VISUAL_SHENLIN_4_1_3', 'ModifierId', 'MOD_SHENLIN_PROMOTION_4_1_3'),
            ('MOD_BUILDING_AL_VISUAL_SHENLIN_4_1_4', 'ModifierId', 'MOD_SHENLIN_PROMOTION_4_1_4'),
            ('MOD_BUILDING_AL_VISUAL_SHENLIN_4_1_5', 'ModifierId', 'MOD_SHENLIN_PROMOTION_4_1_5'),

            ('MOD_BUILDING_AL_VISUAL_SHENLIN_2_1_1', 'ModifierId', 'MOD_SHENLIN_PROMOTION_2_1_1'),
            ('MOD_BUILDING_AL_VISUAL_SHENLIN_2_1_2', 'ModifierId', 'MOD_SHENLIN_PROMOTION_2_1_2'),
            ('MOD_BUILDING_AL_VISUAL_SHENLIN_2_1_3', 'ModifierId', 'MOD_SHENLIN_PROMOTION_2_1_3'),
            ('MOD_BUILDING_AL_VISUAL_SHENLIN_2_1_4', 'ModifierId', 'MOD_SHENLIN_PROMOTION_2_1_4'),
            ('MOD_BUILDING_AL_VISUAL_SHENLIN_2_1_5', 'ModifierId', 'MOD_SHENLIN_PROMOTION_2_1_5'),
            ('MOD_BUILDING_AL_VISUAL_SHENLIN_2_1_6', 'ModifierId', 'MOD_SHENLIN_PROMOTION_2_1_6'),

            ('MOD_BUILDING_AL_VISUAL_SHENLIN_2_2_1', 'ModifierId', 'MOD_SHENLIN_PROMOTION_2_2_1'),
            ('MOD_BUILDING_AL_VISUAL_SHENLIN_2_2_2', 'ModifierId', 'MOD_SHENLIN_PROMOTION_2_2_2'),
            ('MOD_BUILDING_AL_VISUAL_SHENLIN_2_2_3', 'ModifierId', 'MOD_SHENLIN_PROMOTION_2_2_3'),

            ('MOD_BUILDING_AL_VISUAL_SHENLIN_3_1_1', 'ModifierId', 'MOD_SHENLIN_PROMOTION_3_1_1'),
            ('MOD_BUILDING_AL_VISUAL_SHENLIN_3_1_2', 'ModifierId', 'MOD_SHENLIN_PROMOTION_3_1_2'),
            ('MOD_BUILDING_AL_VISUAL_SHENLIN_3_1_3', 'ModifierId', 'MOD_SHENLIN_PROMOTION_3_1_3'),

            ('MOD_BUILDING_AL_VISUAL_SHENLIN_3_2_2', 'ModifierId', 'MOD_SHENLIN_PROMOTION_3_2_2'),

            ('MOD_SHENLIN_PROMOTION_3_2_2', 'Amount', 20),

            ('MOD_SHENLIN_PROMOTION_3_1_1', 'Amount', 15),
            ('MOD_SHENLIN_PROMOTION_3_1_2', 'Range', 3),
            ('MOD_SHENLIN_PROMOTION_3_1_3', 'Amount', 1),

            ('MOD_SHENLIN_PROMOTION_1_2_1', 'Amount', 5),
            ('MOD_SHENLIN_PROMOTION_1_2_2', 'Amount', 10),
            ('MOD_SHENLIN_PROMOTION_1_2_3', 'Amount', 20),
            ('MOD_SHENLIN_PROMOTION_1_2_1', 'Type', 'ALL'),
            ('MOD_SHENLIN_PROMOTION_1_2_2', 'Type', 'ALL'),
            ('MOD_SHENLIN_PROMOTION_1_2_3', 'Type', 'ALL'),

            ('MOD_SHENLIN_PROMOTION_4_1_1', 'Amount', 1),
            ('MOD_SHENLIN_PROMOTION_4_1_2', 'Amount', 10),
            ('MOD_SHENLIN_PROMOTION_4_1_3', 'Amount', 2),
            ('MOD_SHENLIN_PROMOTION_4_1_4', 'Amount', 20),
            ('MOD_SHENLIN_PROMOTION_4_1_5', 'Amount', -10),

            ('MOD_SHENLIN_PROMOTION_1_1_1', 'Amount', 5),
            ('MOD_SHENLIN_PROMOTION_1_1_2', 'Amount', 0),
            ('MOD_SHENLIN_PROMOTION_1_1_3', 'Amount', 20),
            ('MOD_SHENLIN_PROMOTION_1_1_4', 'Amount', -7),
            ('MOD_SHENLIN_PROMOTION_1_1_5', 'Amount', 35),
            ('MOD_SHENLIN_PROMOTION_1_1_6', 'Amount', -10),

            ('MOD_SHENLIN_PROMOTION_2_1_1', 'Amount', -10),
            ('MOD_SHENLIN_PROMOTION_2_1_2', 'Amount', 20),
            ('MOD_SHENLIN_PROMOTION_2_1_3', 'Amount', -7),
            ('MOD_SHENLIN_PROMOTION_2_1_4', 'Amount', 15),
            ('MOD_SHENLIN_PROMOTION_2_1_5', 'Amount', 0),
            ('MOD_SHENLIN_PROMOTION_2_1_6', 'Amount', 5),

            ('MOD_SHENLIN_PROMOTION_2_2_1', 'Amount', 2),
            ('MOD_SHENLIN_PROMOTION_2_2_2', 'Amount', 1),
            ('MOD_SHENLIN_PROMOTION_2_2_3', 'Amount', 0),
        --
            ('MOD_BUILDING_AL_VISUAL_MOYU_1', 'Amount', 15),
            ('MOD_BUILDING_AL_VISUAL_MOYU_2', 'Amount', 1),
            ('MOD_BUILDING_AL_VISUAL_MOYU_3', 'Amount', 2),
            ('MOD_BUILDING_AL_VISUAL_MOYU_4', 'Amount', 100),
            ('MOD_BUILDING_AL_VISUAL_MOYU_5', 'ModifierId', 'BUFF_BUILDING_AL_VISUAL_MOYU_5'),
            ('BUFF_BUILDING_AL_VISUAL_MOYU_5', 'Amount', 25),
            ('BUFF_BUILDING_AL_VISUAL_MOYU_5', 'YieldType', 'YIELD_PRODUCTION'),
            ('MOD_BUILDING_AL_VISUAL_MOYU_6', 'Amount', -10),
            ('MOD_BUILDING_AL_VISUAL_MOYU_7', 'ModifierId', 'BUFF_BUILDING_AL_VISUAL_MOYU_7'),
            ('BUFF_BUILDING_AL_VISUAL_MOYU_7', 'Amount', -15),
            ('BUFF_BUILDING_AL_VISUAL_MOYU_7', 'YieldType', 'YIELD_PRODUCTION'),
            ('MOD_BUILDING_AL_VISUAL_TADUSA_NEKO', 'ProjectType', 'PROJECT_AL_TADUSA_NEKO'),
            ('MOD_BUILDING_AL_VISUAL_TADUSA_NEKO_AMENITY', 'Amount', 3),
            ('MOD_BUILDING_AL_VISUAL_TADUSA_NEKO_1', 'YieldType', 'YIELD_FAITH'),
            ('MOD_BUILDING_AL_VISUAL_TADUSA_NEKO_1', 'Amount', 2),
            ('MOD_BUILDING_AL_VISUAL_TADUSA_NEKO_2', 'YieldType', 'YIELD_CULTURE'),
            ('MOD_BUILDING_AL_VISUAL_TADUSA_NEKO_2', 'Amount', 50);

    INSERT INTO ModifierStrings
        (ModifierId, Context, Text) VALUES
        ('MOD_YUJIA_PROMOTION_4_1_2', 'Preview', '+{1_Amount} {LOC_PROMOTION_AL_YUJIA_GREATNORMAL_4_1_NAME} {LOC_PROMOTION_DESCRIPTOR_PREVIEW_TEXT}'),
            ('MOD_YUJIA_PROMOTION_3_1_2', 'Preview', '+{1_Amount} {LOC_PROMOTION_AL_YUJIA_GREATNORMAL_3_1_NAME} {LOC_PROMOTION_DESCRIPTOR_PREVIEW_TEXT}'),

            ('MOD_SHENLIN_PROMOTION_1_1_1', 'Preview', '+{1_Amount} {LOC_PROMOTION_AL_SHENLIN_GREATNORMAL_1_1_NAME} {LOC_PROMOTION_DESCRIPTOR_PREVIEW_TEXT}'),
            ('MOD_SHENLIN_PROMOTION_1_1_3', 'Preview', '+{1_Amount} {LOC_PROMOTION_AL_SHENLIN_GREATNORMAL_1_1_NAME} {LOC_PROMOTION_DESCRIPTOR_PREVIEW_TEXT}'),
            ('MOD_SHENLIN_PROMOTION_1_1_5', 'Preview', '+{1_Amount} {LOC_PROMOTION_AL_SHENLIN_GREATNORMAL_1_1_NAME} {LOC_PROMOTION_DESCRIPTOR_PREVIEW_TEXT}'),
            ('MOD_SHENLIN_PROMOTION_2_1_1', 'Preview', '{1_Amount} {LOC_PROMOTION_AL_SHENLIN_GREATNORMAL_2_1_NAME} {LOC_PROMOTION_DESCRIPTOR_PREVIEW_TEXT}'),
            ('MOD_SHENLIN_PROMOTION_2_1_3', 'Preview', '{1_Amount} {LOC_PROMOTION_AL_SHENLIN_GREATNORMAL_2_1_NAME} {LOC_PROMOTION_DESCRIPTOR_PREVIEW_TEXT}'),
            ('MOD_SHENLIN_PROMOTION_2_1_5', 'Preview', '{1_Amount} {LOC_PROMOTION_AL_SHENLIN_GREATNORMAL_2_1_NAME} {LOC_PROMOTION_DESCRIPTOR_PREVIEW_TEXT}'),
            ('MOD_SHENLIN_PROMOTION_3_2_2', 'Preview', '+{1_Amount} {LOC_PROMOTION_AL_SHENLIN_GREATNORMAL_3_2_NAME} {LOC_PROMOTION_DESCRIPTOR_PREVIEW_TEXT}'),
            ('MOD_SHENLIN_PROMOTION_4_1_2', 'Preview', '+{1_Amount} {LOC_PROMOTION_AL_SHENLIN_GREATNORMAL_4_1_NAME} {LOC_PROMOTION_DESCRIPTOR_PREVIEW_TEXT}'),
            ('MOD_SHENLIN_PROMOTION_4_1_4', 'Preview', '+{1_Amount} {LOC_PROMOTION_AL_SHENLIN_GREATNORMAL_4_1_NAME} {LOC_PROMOTION_DESCRIPTOR_PREVIEW_TEXT}'),
            ('MOD_BUILDING_AL_VISUAL_MOYU_1', 'Preview', '+{1_Amount} {LOC_PROJECT_AL_MOYU_RANDOM_NAME}'),
            ('MOD_BUILDING_AL_VISUAL_MOYU_6', 'Preview', '+{1_Amount} {LOC_PROJECT_AL_MOYU_RANDOM_NAME}');