-- Shirai Yuyu
INSERT INTO Types
(Type, Kind) VALUES 
('GOVERNOR_AL_YUYU', 'KIND_GOVERNOR'),
('GOVERNOR_PROMOTION_AL_YUYU_1', 'KIND_GOVERNOR_PROMOTION'),
('GOVERNOR_PROMOTION_AL_YUYU_2', 'KIND_GOVERNOR_PROMOTION'),
('GOVERNOR_PROMOTION_AL_YUYU_3', 'KIND_GOVERNOR_PROMOTION'),
('GOVERNOR_PROMOTION_AL_YUYU_4', 'KIND_GOVERNOR_PROMOTION'),
('GOVERNOR_PROMOTION_AL_YUYU_5', 'KIND_GOVERNOR_PROMOTION'),
('GOVERNOR_PROMOTION_AL_YUYU_6', 'KIND_GOVERNOR_PROMOTION');

INSERT INTO Governors
(GovernorType, Image, Name, Title, ShortTitle, Description, IdentityPressure, TransitionStrength, AssignCityState, PortraitImage, PortraitImageSelected, TraitType) VALUES 
('GOVERNOR_AL_YUYU', 'GOVERNOR_ AL_YUYU_SELECTED', 'LOC_GOVERNOR_AL_YUYU_NAME', 'LOC_GOVERNOR_AL_YUYU_TITLE', 'LOC_GOVERNOR_AL_YUYU_SHORT_TITLE', 'LOC_GOVERNOR_AL_YUYU_DESCRIPTION', 4, 100, 0, 'GOVERNOR_AL_YUYU_NORMAL', 'AL_YUYU_SELECTED', 'TRAIT_LEADER_AL_CLOVER');

INSERT INTO GovernorPromotionSets
(GovernorType, GovernorPromotion) VALUES 
('GOVERNOR_AL_YUYU', 'GOVERNOR_PROMOTION_AL_YUYU_1'),
('GOVERNOR_AL_YUYU', 'GOVERNOR_PROMOTION_AL_YUYU_2'),
('GOVERNOR_AL_YUYU', 'GOVERNOR_PROMOTION_AL_YUYU_3'),
('GOVERNOR_AL_YUYU', 'GOVERNOR_PROMOTION_AL_YUYU_4'),
('GOVERNOR_AL_YUYU', 'GOVERNOR_PROMOTION_AL_YUYU_5'),
('GOVERNOR_AL_YUYU', 'GOVERNOR_PROMOTION_AL_YUYU_6');

INSERT INTO GovernorPromotions
(GovernorPromotionType, Name, Description, Level, Column, BaseAbility) VALUES 
('GOVERNOR_PROMOTION_AL_YUYU_1', 'LOC_GOVERNOR_PROMOTION_AL_YUYU_1_NAME', 'LOC_GOVERNOR_PROMOTION_AL_YUYU_1_DESCRIPTION', 0, 1, 1),
('GOVERNOR_PROMOTION_AL_YUYU_2', 'LOC_GOVERNOR_PROMOTION_AL_YUYU_2_NAME', 'LOC_GOVERNOR_PROMOTION_AL_YUYU_2_DESCRIPTION', 1, 0, 0),
('GOVERNOR_PROMOTION_AL_YUYU_3', 'LOC_GOVERNOR_PROMOTION_AL_YUYU_3_NAME', 'LOC_GOVERNOR_PROMOTION_AL_YUYU_3_DESCRIPTION', 1, 2, 0),
('GOVERNOR_PROMOTION_AL_YUYU_4', 'LOC_GOVERNOR_PROMOTION_AL_YUYU_4_NAME', 'LOC_GOVERNOR_PROMOTION_AL_YUYU_4_DESCRIPTION', 2, 0, 0),
('GOVERNOR_PROMOTION_AL_YUYU_5', 'LOC_GOVERNOR_PROMOTION_AL_YUYU_5_NAME', 'LOC_GOVERNOR_PROMOTION_AL_YUYU_5_DESCRIPTION', 2, 2, 0),
('GOVERNO_PROMOTIONR_AL_YUYU_6', 'LOC_GOVERNOR_PROMOTION_AL_YUYU_6_NAME', 'LOC_GOVERNOR_PROMOTION_AL_YUYU_6_DESCRIPTION', 3, 1, 0);

INSERT INTO GovernorPromotionPrereqs
(GovernorPromotionType, PrereqGovernorPromotion) VALUES 
('GOVERNOR_PROMOTION_AL_YUYU_2', 'GOVERNOR_PROMOTION_AL_YUYU_1'),
('GOVERNOR_PROMOTION_AL_YUYU_3', 'GOVERNOR_PROMOTION_AL_YUYU_1'),
('GOVERNOR_PROMOTION_AL_YUYU_4', 'GOVERNOR_PROMOTION_AL_YUYU_2'),
('GOVERNOR_PROMOTION_AL_YUYU_5', 'GOVERNOR_PROMOTION_AL_YUYU_3'),
('GOVERNO_PROMOTIONR_AL_YUYU_6', 'GOVERNOR_PROMOTION_AL_YUYU_4'),
('GOVERNO_PROMOTIONR_AL_YUYU_6', 'GOVERNOR_PROMOTION_AL_YUYU_5');

INSERT INTO GovernorPromotionModifiers
(GovernorPromotionType, ModifierId) VALUES 
('GOVERNOR_PROMOTION_AL_YUYU_2', 'GOVERNOR_PROMOTION_AL_YUYU_1'),
('GOVERNOR_PROMOTION_AL_YUYU_3', 'GOVERNOR_PROMOTION_AL_YUYU_1'),
('GOVERNOR_PROMOTION_AL_YUYU_4', 'GOVERNOR_PROMOTION_AL_YUYU_2'),
('GOVERNOR_PROMOTION_AL_YUYU_5', 'GOVERNOR_PROMOTION_AL_YUYU_3'),
('GOVERNO_PROMOTIONR_AL_YUYU_1', 'GOVERNOR_PROMOTION_AL_YUYU_4'),
('GOVERNO_PROMOTIONR_AL_YUYU_6', 'GOVERNOR_PROMOTION_AL_YUYU_5');
