INSERT INTO Types
(Type, Kind) VALUES
-- rose
('UNIT_ROSE', 'KIND_UNIT'),
-- fumi
('UNIT_AL_FUMI_GREATNORMAL', 'KIND_UNIT'),
('PROMOTION_CLASS_AL_FUMI_GREATNORMAL', 'KIND_PROMOTION_CLASS'),
('PROMOTION_AL_FUMI_GREATNORMAL_1_1', 'KIND_PROMOTION'),
('PROMOTION_AL_FUMI_GREATNORMAL_1_2', 'KIND_PROMOTION'),
('PROMOTION_AL_FUMI_GREATNORMAL_2_1', 'KIND_PROMOTION'),
('PROMOTION_AL_FUMI_GREATNORMAL_2_2', 'KIND_PROMOTION'),
('PROMOTION_AL_FUMI_GREATNORMAL_3_1', 'KIND_PROMOTION'),
('PROMOTION_AL_FUMI_GREATNORMAL_3_2', 'KIND_PROMOTION'),
('PROMOTION_AL_FUMI_GREATNORMAL_4_1', 'KIND_PROMOTION');

INSERT INTO Tags
(Tag, Vocabulary) VALUES
-- rose
('CLASS_AL_ROSE', 'ABILITY_CLASS'),
-- fumi
('CLASS_AL_FUMI_GREATNORMAL', 'ABILITY_CLASS'),
('CLASS_AL_LILY_GREAT_UNIT', 'ABILITY_CLASS');

INSERT INTO TypeTags
(Type, Tag) VALUES
-- rose
('UNIT_ROSE', 'CLASS_RECON'),
('UNIT_ROSE', 'CLASS_REVEAL_STEALTH'),
('UNIT_ROSE', 'CLASS_RANGED'),
('UNIT_ROSE', 'CLASS_AL_ROSE'),
('UNIT_AL_FUMI_GREATNORMAL', 'CLASS_ANTI_CAVALRY'),
('UNIT_AL_FUMI_GREATNORMAL', 'CLASS_AL_FUMI_GREATNORMAL'),
('UNIT_AL_FUMI_GREATNORMAL', 'CLASS_AL_LILY_GREAT_UNIT');


INSERT INTO Units
(UnitType, BaseMoves, Cost, AdvisorType, BaseSightRange, ZoneOfControl, Domain, FormationClass, Name, Description, PurchaseYield, PromotionClass, Combat, TraitType, RangedCombat, Range, CanTrain) VALUES
-- rose
('UNIT_ROSE', 4, 30, 'ADVISOR_CONQUEST', 3, 1, 'DOMAIN_LAND', 'FORMATION_CLASS_LAND_COMBAT', 'LOC_UNIT_ROSE_NAME', 'LOC_UNIT_ROSE_DESCRIPTION', 'YIELD_GOLD', 'PROMOTION_CLASS_RECON', 25, 'TRAIT_CIVILIZATION_AL_UNIT_ROSE', 25, 2, 1),
--fumi
('UNIT_AL_FUMI_GREATNORMAL', 4, 1, 'ADVISOR_CONQUEST', 4, 1, 'DOMAIN_LAND', 'FORMATION_CLASS_LAND_COMBAT', 'LOC_UNIT_AL_FUMI_GREATNORMAL_NAME', 'LOC_UNIT_AL_FUMI_GREATNORMAL_DESCRIPTION', NULL, 'PROMOTION_CLASS_AL_FUMI_GREATNORMAL', 30, NULL, 20, 1, 0);

INSERT INTO UnitAiInfos
(UnitType, AiType) VALUES
-- rose
('UNIT_ROSE', 'UNITAI_EXPLORE'),
('UNIT_ROSE', 'UNITTYPE_LAND_COMBAT'),
('UNIT_AL_FUMI_GREATNORMAL', 'UNITTYPE_LAND_COMBAT');

INSERT INTO UnitReplaces
(CivUniqueUnitType, ReplacesUnitType) VALUES
-- rose
('UNIT_ROSE', 'UNIT_SCOUT');

INSERT INTO UnitPromotionClasses
(PromotionClassType, Name) VALUES
('PROMOTION_CLASS_AL_FUMI_GREATNORMAL', 'LOC_PROMOTION_CLASS_AL_FUMI_GREATNORMAL_NAME');

INSERT INTO UnitPromotions
(UnitPromotionType, Name, Description, Level, Specialization, Column, PromotionClass) VALUES
('PROMOTION_AL_FUMI_GREATNORMAL_1_1', 'LOC_PROMOTION_AL_FUMI_GREATNORMAL_1_1_NAME', 'LOC_PROMOTION_AL_FUMI_GREATNORMAL_1_1_DESCRIPTION', 1, NULL, 1, 'PROMOTION_CLASS_AL_FUMI_GREATNORMAL'),
('PROMOTION_AL_FUMI_GREATNORMAL_1_2', 'LOC_PROMOTION_AL_FUMI_GREATNORMAL_1_2_NAME', 'LOC_PROMOTION_AL_FUMI_GREATNORMAL_1_2_DESCRIPTION', 1, NULL, 3, 'PROMOTION_CLASS_AL_FUMI_GREATNORMAL'),
('PROMOTION_AL_FUMI_GREATNORMAL_2_1', 'LOC_PROMOTION_AL_FUMI_GREATNORMAL_2_1_NAME', 'LOC_PROMOTION_AL_FUMI_GREATNORMAL_2_1_DESCRIPTION', 2, NULL, 1, 'PROMOTION_CLASS_AL_FUMI_GREATNORMAL'),
('PROMOTION_AL_FUMI_GREATNORMAL_2_2', 'LOC_PROMOTION_AL_FUMI_GREATNORMAL_2_2_NAME', 'LOC_PROMOTION_AL_FUMI_GREATNORMAL_2_2_DESCRIPTION', 2, NULL, 3, 'PROMOTION_CLASS_AL_FUMI_GREATNORMAL'),
('PROMOTION_AL_FUMI_GREATNORMAL_3_1', 'LOC_PROMOTION_AL_FUMI_GREATNORMAL_3_1_NAME', 'LOC_PROMOTION_AL_FUMI_GREATNORMAL_3_1_DESCRIPTION', 3, NULL, 1, 'PROMOTION_CLASS_AL_FUMI_GREATNORMAL'),
('PROMOTION_AL_FUMI_GREATNORMAL_3_2', 'LOC_PROMOTION_AL_FUMI_GREATNORMAL_3_2_NAME', 'LOC_PROMOTION_AL_FUMI_GREATNORMAL_3_2_DESCRIPTION', 3, NULL, 3, 'PROMOTION_CLASS_AL_FUMI_GREATNORMAL'),
('PROMOTION_AL_FUMI_GREATNORMAL_4_1', 'LOC_PROMOTION_AL_FUMI_GREATNORMAL_4_1_NAME', 'LOC_PROMOTION_AL_FUMI_GREATNORMAL_4_1_DESCRIPTION', 4, NULL, 1, 'PROMOTION_CLASS_AL_FUMI_GREATNORMAL');

INSERT INTO UnitPromotionPrereqs
(UnitPromotion, PrereqUnitPromotion) VALUES
('PROMOTION_AL_FUMI_GREATNORMAL_2_1', 'PROMOTION_AL_FUMI_GREATNORMAL_1_1'),
('PROMOTION_AL_FUMI_GREATNORMAL_2_2', 'PROMOTION_AL_FUMI_GREATNORMAL_1_2'),
('PROMOTION_AL_FUMI_GREATNORMAL_3_1', 'PROMOTION_AL_FUMI_GREATNORMAL_2_1'),
('PROMOTION_AL_FUMI_GREATNORMAL_3_2', 'PROMOTION_AL_FUMI_GREATNORMAL_2_2'),
('PROMOTION_AL_FUMI_GREATNORMAL_4_1', 'PROMOTION_AL_FUMI_GREATNORMAL_3_1'),
('PROMOTION_AL_FUMI_GREATNORMAL_4_1', 'PROMOTION_AL_FUMI_GREATNORMAL_3_2');

INSERT INTO UnitPromotionModifiers
(UnitPromotionType, ModifierId) VALUES
('PROMOTION_AL_FUMI_GREATNORMAL_1_1', 'MOD_PROMOTION_AL_FUMI_GREATNORMAL_1_1_SUPPORT'),
('PROMOTION_AL_FUMI_GREATNORMAL_1_2', 'MOD_PROMOTION_AL_FUMI_GREATNORMAL_1_2_DEF'),
('PROMOTION_AL_FUMI_GREATNORMAL_2_1', 'MOD_PROMOTION_AL_FUMI_GREATNORMAL_2_1_NEIGHBOR'),
('PROMOTION_AL_FUMI_GREATNORMAL_2_2', 'MOD_PROMOTION_AL_FUMI_GREATNORMAL_2_2_MOVE'),
('PROMOTION_AL_FUMI_GREATNORMAL_2_2', 'ELITE_GUARD_ADDITIONAL_ATTACK'),
('PROMOTION_AL_FUMI_GREATNORMAL_3_1', 'MOD_PROMOTION_AL_FUMI_GREATNORMAL_3_1_SIGHT'),
('PROMOTION_AL_FUMI_GREATNORMAL_3_1', 'CAMOUFLAGE_STEALTH'),
('PROMOTION_AL_FUMI_GREATNORMAL_3_2', 'SENTRY_SEE_THROUGH_FEATURES'),
('PROMOTION_AL_FUMI_GREATNORMAL_3_2', 'MOD_MOVE_AFTER_ATTACKING'),
('PROMOTION_AL_FUMI_GREATNORMAL_4_1', 'MOD_PROMOTION_AL_FUMI_GREATNORMAL_4_1_MOVE'),
('PROMOTION_AL_FUMI_GREATNORMAL_4_1', 'MOD_PROMOTION_AL_FUMI_GREATNORMAL_4_1_NODEBUFF'),
('PROMOTION_AL_FUMI_GREATNORMAL_4_1', 'NIHANG_NO_WOUNDED_PENALTY');

INSERT INTO Modifiers
(ModifierId, ModifierType, SubjectRequirementSetId, RunOnce, Permanent) VALUES
('MOD_PROMOTION_AL_FUMI_GREATNORMAL_1_1_SUPPORT', 'MODIFIER_PLAYER_UNIT_ADJUST_SUPPORT_BONUS_MODIFIER', NULL, 0, 0),
('MOD_PROMOTION_AL_FUMI_GREATNORMAL_1_2_DEF', 'MODIFIER_UNIT_ADJUST_COMBAT_STRENGTH', 'CHOKE_POINTS_REQUIREMENTS', 0, 0),
('MOD_PROMOTION_AL_FUMI_GREATNORMAL_2_1_NEIGHBOR', 'MODIFIER_PLAYER_UNITS_ATTACH_MODIFIER', 'HOLD_THE_LINE_REQUIREMENTS', 0, 0),
('MOD_PROMOTION_AL_FUMI_GREATNORMAL_2_1_NEIGHBOR_BUFF', 'MODIFIER_UNIT_ADJUST_COMBAT_STRENGTH', 'ANTI_CAVALRY_OPPONENT_REQUIREMENTS', 0, 0),
('MOD_PROMOTION_AL_FUMI_GREATNORMAL_2_2_MOVE', 'MODIFIER_PLAYER_UNIT_ADJUST_MOVEMENT', NULL, 0, 0),
('MOD_PROMOTION_AL_FUMI_GREATNORMAL_3_1_SIGHT', 'MODIFIER_PLAYER_UNIT_ADJUST_SIGHT', NULL, 0, 0),
('MOD_PROMOTION_AL_FUMI_GREATNORMAL_4_1_MOVE', 'MODIFIER_PLAYER_UNIT_ADJUST_MOVEMENT', NULL, 0, 0),
('MOD_PROMOTION_AL_FUMI_GREATNORMAL_4_1_NODEBUFF', 'MODIFIER_UNIT_ADJUST_COMBAT_STRENGTH', NULL, 0, 0);

INSERT INTO ModifierArguments
(ModifierId, Name, Value) VALUES
('MOD_PROMOTION_AL_FUMI_GREATNORMAL_1_1_SUPPORT', 'Percent', '200'),
('MOD_PROMOTION_AL_FUMI_GREATNORMAL_1_2_DEF', 'Amount', '7'),
('MOD_PROMOTION_AL_FUMI_GREATNORMAL_2_1_NEIGHBOR', 'ModifierId', 'MOD_PROMOTION_AL_FUMI_GREATNORMAL_2_1_NEIGHBOR_BUFF'),
('MOD_PROMOTION_AL_FUMI_GREATNORMAL_2_1_NEIGHBOR_BUFF', 'Amount', '12'),
('MOD_PROMOTION_AL_FUMI_GREATNORMAL_2_2_MOVE', 'Amount', '1'),
('MOD_PROMOTION_AL_FUMI_GREATNORMAL_3_1_SIGHT', 'Amount', '1'),
('MOD_PROMOTION_AL_FUMI_GREATNORMAL_4_1_MOVE', 'Amount', '2'),
('MOD_PROMOTION_AL_FUMI_GREATNORMAL_4_1_NODEBUFF', 'Amount', '20');

INSERT INTO ModifierStrings
(ModifierId, Context, Text) VALUES
('MOD_PROMOTION_AL_FUMI_GREATNORMAL_1_2_DEF', 'Preview', '+{1_Amount} {LOC_PROMOTION_AL_FUMI_GREATNORMAL_1_2_NAME} {LOC_PROMOTION_DESCRIPTOR_PREVIEW_TEXT}'),
('MOD_PROMOTION_AL_FUMI_GREATNORMAL_2_1_NEIGHBOR', 'Preview', '+{1_Amount} {LOC_PROMOTION_AL_FUMI_GREATNORMAL_2_1_NAME} {LOC_PROMOTION_DESCRIPTOR_PREVIEW_TEXT}'),
('MOD_PROMOTION_AL_FUMI_GREATNORMAL_2_1_NEIGHBOR_BUFF', 'Preview', '+{1_Amount} {LOC_PROMOTION_AL_FUMI_GREATNORMAL_2_1_NAME} {LOC_PROMOTION_DESCRIPTOR_PREVIEW_TEXT}'),
('MOD_PROMOTION_AL_FUMI_GREATNORMAL_4_1_NODEBUFF', 'Preview', '+{1_Amount} {LOC_PROMOTION_AL_FUMI_GREATNORMAL_4_1_NAME} {LOC_PROMOTION_DESCRIPTOR_PREVIEW_TEXT}');