-- RIRI
INSERT INTO Types
(Type, Kind) VALUES
('LEADER_AL_RIRI', 'KIND_LEADER'),
('LEADER_AL_KANAHO', 'KIND_LEADER'),
('TRAIT_AGENDA_AL_KANAHO', 'KIND_TRAIT'),
('TRAIT_LEADER_AL_KANAHO1', 'KIND_TRAIT'),
('TRAIT_LEADER_AL_KANAHO2', 'KIND_TRAIT'),
('TRAIT_LEADER_AL_KANAHO3', 'KIND_TRAIT'),

('TRAIT_LEADER_AL_SNOWFLAKE', 'KIND_TRAIT'),
('TRAIT_LEADER_AL_CHARISMA', 'KIND_TRAIT'),
('TRAIT_LEADER_AL_CLOVER', 'KIND_TRAIT'),
('TRAIT_AGENDA_AL_SKYLOVE', 'KIND_TRAIT'),
('ABILITY_TRAIT_AL_SNOWFLAKE_COMBAT', 'KIND_ABILITY');

INSERT INTO Leaders
(LeaderType, Name, Sex, InheritFrom, SceneLayers) VALUES
('LEADER_AL_RIRI', 'LOC_LEADER_AL_RIRI_NAME', 'Female', 'LEADER_DEFAULT', 4),
('LEADER_AL_KANAHO', 'LOC_LEADER_AL_KANAHO_NAME', 'Female', 'LEADER_DEFAULT', 4);

INSERT INTO Agendas
(AgendaType, Name, Description) VALUES
('AGENDA_AL_SKYLOVE', 'LOC_AGENDA_AL_SKYLOVE_NAME', 'LOC_AGENDA_AL_SKYLOVE_DESCRIPTION'),
('AGENDA_AL_KANAHO', 'LOC_AGENDA_AL_KANAHO_NAME', 'LOC_AGENDA_CITY_PLANNER_DESCRIPTION');

INSERT INTO AgendaTraits
(AgendaType, TraitType) VALUES
('AGENDA_AL_SKYLOVE', 'TRAIT_AGENDA_AL_SKYLOVE'),
('AGENDA_AL_KANAHO', 'TRAIT_AGENDA_AL_KANAHO');

INSERT INTO HistoricalAgendas
(AgendaType, LeaderType) VALUES
('AGENDA_AL_KANAHO', 'LEADER_AL_KANAHO'),
('AGENDA_AL_SKYLOVE', 'LEADER_AL_RIRI');

INSERT INTO ExclusiveAgendas
(AgendaOne, AgendaTwo) VALUES
('AGENDA_AL_SKYLOVE', 'AGENDA_TECHNOPHILE');

INSERT INTO LeaderQuotes
(LeaderType, Quote, QuoteAudio) VALUES
('LEADER_AL_RIRI', 'LOC_PEDIA_LEADERS_PAGE_LEADER_AL_RIRI_QUOTE', 'AL_RIRI_MISC_PEP_TALK_A'),
('LEADER_AL_KANAHO', 'LOC_PEDIA_LEADERS_PAGE_LEADER_AL_KANAHO_QUOTE', 'AL_KANAHO_MISC_PEP_TALK_A');

INSERT INTO LeaderTraits
(LeaderType, TraitType) VALUES
('LEADER_AL_KANAHO', 'TRAIT_LEADER_AL_KANAHO1'),
('LEADER_AL_KANAHO', 'TRAIT_LEADER_AL_KANAHO2'),
('LEADER_AL_KANAHO', 'TRAIT_LEADER_AL_KANAHO3'),

('LEADER_AL_RIRI', 'TRAIT_LEADER_AL_SNOWFLAKE'),
('LEADER_AL_RIRI', 'TRAIT_LEADER_AL_CHARISMA'),
('LEADER_AL_RIRI', 'TRAIT_LEADER_AL_CLOVER');

INSERT INTO Traits
(TraitType, Name, Description) VALUES
('TRAIT_AGENDA_AL_KANAHO', Null, Null),
('TRAIT_LEADER_AL_KANAHO1', 'LOC_TRAIT_LEADER_AL_KANAHO1_NAME', 'LOC_TRAIT_LEADER_AL_KANAHO1_DESCRIPTION'),
('TRAIT_LEADER_AL_KANAHO2', 'LOC_TRAIT_LEADER_AL_KANAHO2_NAME', 'LOC_TRAIT_LEADER_AL_KANAHO2_DESCRIPTION'),
('TRAIT_LEADER_AL_KANAHO3', 'LOC_TRAIT_LEADER_AL_KANAHO3_NAME', 'LOC_TRAIT_LEADER_AL_KANAHO3_DESCRIPTION'),

('TRAIT_AGENDA_AL_SKYLOVE', Null, Null),
('TRAIT_LEADER_AL_SNOWFLAKE', 'LOC_TRAIT_LEADER_AL_SNOWFLAKE_NAME', 'LOC_TRAIT_LEADER_AL_SNOWFLAKE_DESCRIPTION'),
('TRAIT_LEADER_AL_CHARISMA', 'LOC_TRAIT_LEADER_AL_CHARISMA_NAME', 'LOC_TRAIT_LEADER_AL_CHARISMA_DESCRIPTION'),
('TRAIT_LEADER_AL_CLOVER', 'LOC_TRAIT_LEADER_AL_CLOVER_NAME', 'LOC_TRAIT_LEADER_AL_CLOVER_DESCRIPTION');



INSERT INTO TraitModifiers
(TraitType, ModifierId) VALUES
('TRAIT_LEADER_AL_KANAHO1', 'MOD_AL_TRAIT_KANAHO1_BUILD'),
('TRAIT_LEADER_AL_KANAHO2', 'MOD_AL_TRAIT_KANAHO2_1'),
('TRAIT_LEADER_AL_KANAHO2', 'MOD_AL_TRAIT_KANAHO2_2'),

('TRAIT_AGENDA_AL_KANAHO', 'AGENDA_HIGH_DISTRICTS'),
('TRAIT_AGENDA_AL_KANAHO', 'AGENDA_LOW_DISTRICTS'),

('TRAIT_AGENDA_AL_SKYLOVE', 'AGENDA_AL_SKYLOVE_FRIEND'),
('TRAIT_AGENDA_AL_SKYLOVE', 'AGENDA_FLOWER_OF_SCOTLAND_BAN_WARS'),
('TRAIT_AGENDA_AL_SKYLOVE', 'AGENDA_AL_SKYLOVE_WAR_NEIGHBORS'),
('TRAIT_LEADER_AL_SNOWFLAKE', 'MOD_TRAIT_AL_SNOWFLAKE_COMBAT'),
('TRAIT_LEADER_AL_SNOWFLAKE', 'MOD_TRAIT_AL_SNOWFLAKE_ROUTE_DOMESTIC'),
('TRAIT_LEADER_AL_SNOWFLAKE', 'MOD_TRAIT_AL_SNOWFLAKE_ROUTE_INTERNATIONAL'),
('TRAIT_LEADER_AL_CHARISMA', 'MOD_TRAIT_AL_CHARISMA_WELCOME'),
('TRAIT_LEADER_AL_CHARISMA', 'MOD_TRAIT_AL_CHARISMA_TRADEROUTE'),
('TRAIT_LEADER_AL_CHARISMA', 'MOD_TRAIT_AL_CHARISMA_INFLUENCE'),
('TRAIT_LEADER_AL_CHARISMA', 'MOD_TRAIT_AL_CHARISMA_LILYGREAT'),
('TRAIT_LEADER_AL_CHARISMA', 'MOD_TRAIT_AL_CHARISMA_DIPLO');
--trigger
    INSERT INTO TraitModifiers (TraitType, ModifierId)
        SELECT 'TRAIT_LEADER_AL_KANAHO1', 'MOD_AL_TRAIT_KANAHO1_TRADE_COUNTRY_CULTURE_DOMESTIC_' || n
        FROM property_civ_number;
    INSERT INTO Modifiers (ModifierId, ModifierType, SubjectRequirementSetId)
        SELECT 'MOD_AL_TRAIT_KANAHO1_TRADE_COUNTRY_CULTURE_DOMESTIC_' || n, 'MODIFIER_PLAYER_CITIES_ATTACH_MODIFIER', 'REQSET_AL_PLOT_HAS_TOUTOMI_' || n
        FROM property_civ_number;
    INSERT INTO ModifierArguments (ModifierId, Name, Value)
        SELECT 'MOD_AL_TRAIT_KANAHO1_TRADE_COUNTRY_CULTURE_DOMESTIC_' || n, 'ModifierId', 'MOD_AL_TRAIT_KANAHO1_TRADE_CULTURE_DOMESTIC' || n
        FROM property_civ_number;
    INSERT INTO Modifiers (ModifierId, ModifierType)
        SELECT 'MOD_AL_TRAIT_KANAHO1_TRADE_CULTURE_DOMESTIC' || n, 'MODIFIER_SINGLE_CITY_ADJUST_TRADE_ROUTE_YIELD_FOR_DOMESTIC'
        FROM property_civ_number;
    INSERT INTO ModifierArguments (ModifierId, Name, Value)
        SELECT 'MOD_AL_TRAIT_KANAHO1_TRADE_CULTURE_DOMESTIC' || n, 'YieldType', 'YIELD_CULTURE'
        FROM property_civ_number;
    INSERT INTO ModifierArguments (ModifierId, Name, Value)
        SELECT 'MOD_AL_TRAIT_KANAHO1_TRADE_CULTURE_DOMESTIC' || n, 'Amount', 1
        FROM property_civ_number;
    
    INSERT INTO TraitModifiers (TraitType, ModifierId)
        SELECT 'TRAIT_LEADER_AL_KANAHO1', 'MOD_AL_TRAIT_KANAHO1_TRADE_COUNTRY_FOOD_DOMESTIC_' || n
        FROM property_civ_number;
    INSERT INTO Modifiers (ModifierId, ModifierType, SubjectRequirementSetId)
        SELECT 'MOD_AL_TRAIT_KANAHO1_TRADE_COUNTRY_FOOD_DOMESTIC_' || n, 'MODIFIER_PLAYER_CITIES_ATTACH_MODIFIER', 'REQSET_AL_PLOT_HAS_TOUTOMI_' || n
        FROM property_civ_number;
    INSERT INTO ModifierArguments (ModifierId, Name, Value)
        SELECT 'MOD_AL_TRAIT_KANAHO1_TRADE_COUNTRY_FOOD_DOMESTIC_' || n, 'ModifierId', 'MOD_AL_TRAIT_KANAHO1_TRADE_FOOD_DOMESTIC' || n
        FROM property_civ_number;
    INSERT INTO Modifiers (ModifierId, ModifierType)
        SELECT 'MOD_AL_TRAIT_KANAHO1_TRADE_FOOD_DOMESTIC' || n, 'MODIFIER_SINGLE_CITY_ADJUST_TRADE_ROUTE_YIELD_FOR_DOMESTIC'
        FROM property_civ_number;
    INSERT INTO ModifierArguments (ModifierId, Name, Value)
        SELECT 'MOD_AL_TRAIT_KANAHO1_TRADE_FOOD_DOMESTIC' || n, 'YieldType', 'YIELD_FOOD'
        FROM property_civ_number;
    INSERT INTO ModifierArguments (ModifierId, Name, Value)
        SELECT 'MOD_AL_TRAIT_KANAHO1_TRADE_FOOD_DOMESTIC' || n, 'Amount', 1
        FROM property_civ_number;
    
    INSERT INTO TraitModifiers (TraitType, ModifierId)
        SELECT 'TRAIT_LEADER_AL_KANAHO1', 'MOD_AL_TRAIT_KANAHO1_TRADE_COUNTRY_CULTURE_INTERNATIONAL_' || n
        FROM property_civ_number;
    INSERT INTO Modifiers (ModifierId, ModifierType, SubjectRequirementSetId)
        SELECT 'MOD_AL_TRAIT_KANAHO1_TRADE_COUNTRY_CULTURE_INTERNATIONAL_' || n, 'MODIFIER_PLAYER_CITIES_ATTACH_MODIFIER', 'REQSET_AL_PLOT_HAS_TOUTOMI_' || n
        FROM property_civ_number;
    INSERT INTO ModifierArguments (ModifierId, Name, Value)
        SELECT 'MOD_AL_TRAIT_KANAHO1_TRADE_COUNTRY_CULTURE_INTERNATIONAL_' || n, 'ModifierId', 'MOD_AL_TRAIT_KANAHO1_TRADE_CULTURE_INTERNATIONAL' || n
        FROM property_civ_number;
    INSERT INTO Modifiers (ModifierId, ModifierType)
        SELECT 'MOD_AL_TRAIT_KANAHO1_TRADE_CULTURE_INTERNATIONAL' || n, 'MODIFIER_SINGLE_CITY_ADJUST_TRADE_ROUTE_YIELD_FOR_INTERNATIONAL'
        FROM property_civ_number;
    INSERT INTO ModifierArguments (ModifierId, Name, Value)
        SELECT 'MOD_AL_TRAIT_KANAHO1_TRADE_CULTURE_INTERNATIONAL' || n, 'YieldType', 'YIELD_CULTURE'
        FROM property_civ_number;
    INSERT INTO ModifierArguments (ModifierId, Name, Value)
        SELECT 'MOD_AL_TRAIT_KANAHO1_TRADE_CULTURE_INTERNATIONAL' || n, 'Amount', 1
        FROM property_civ_number;
    
    INSERT INTO TraitModifiers (TraitType, ModifierId)
        SELECT 'TRAIT_LEADER_AL_KANAHO1', 'MOD_AL_TRAIT_KANAHO1_TRADE_COUNTRY_FAITH_INTERNATIONAL_' || n
        FROM property_civ_number;
    INSERT INTO Modifiers (ModifierId, ModifierType, SubjectRequirementSetId)
        SELECT 'MOD_AL_TRAIT_KANAHO1_TRADE_COUNTRY_FAITH_INTERNATIONAL_' || n, 'MODIFIER_PLAYER_CITIES_ATTACH_MODIFIER', 'REQSET_AL_PLOT_HAS_TOUTOMI_' || n
        FROM property_civ_number;
    INSERT INTO ModifierArguments (ModifierId, Name, Value)
        SELECT 'MOD_AL_TRAIT_KANAHO1_TRADE_COUNTRY_FAITH_INTERNATIONAL_' || n, 'ModifierId', 'MOD_AL_TRAIT_KANAHO1_TRADE_FAITH_INTERNATIONAL' || n
        FROM property_civ_number;
    INSERT INTO Modifiers (ModifierId, ModifierType)
        SELECT 'MOD_AL_TRAIT_KANAHO1_TRADE_FAITH_INTERNATIONAL' || n, 'MODIFIER_SINGLE_CITY_ADJUST_TRADE_ROUTE_YIELD_FOR_INTERNATIONAL'
        FROM property_civ_number;
    INSERT INTO ModifierArguments (ModifierId, Name, Value)
        SELECT 'MOD_AL_TRAIT_KANAHO1_TRADE_FAITH_INTERNATIONAL' || n, 'YieldType', 'YIELD_FAITH'
        FROM property_civ_number;
    INSERT INTO ModifierArguments (ModifierId, Name, Value)
        SELECT 'MOD_AL_TRAIT_KANAHO1_TRADE_FAITH_INTERNATIONAL' || n, 'Amount', 1
        FROM property_civ_number;



INSERT INTO Modifiers
(ModifierId, ModifierType, Permanent, SubjectRequirementSetId) VALUES
('MOD_AL_TRAIT_KANAHO1_BUILD', 'MODIFIER_PLAYER_CITIES_GRANT_YIELD_PER_BUILDING_COST', 0, NULL),
('MOD_AL_TRAIT_KANAHO2_1', 'MODIFIER_PLAYER_UNITS_ATTACH_MODIFIER', 0, 'REQSET_UNIT_IS_LILY_GREAT'),
('MOD_AL_TRAIT_KANAHO2_2', 'MODIFIER_PLAYER_UNITS_ATTACH_MODIFIER', 0, 'REQSET_UNIT_IS_LILY_GREAT'),
('BUFF_AL_TRAIT_KANAHO2_1', 'MODIFIER_UNIT_ADJUST_COMBAT_STRENGTH', 0, 'REQSET_UNIT_IS_LILY_GREAT'),
('BUFF_AL_TRAIT_KANAHO2_2', 'MODIFIER_PLAYER_UNIT_ADJUST_MOVEMENT', 0, 'REQSET_UNIT_IS_LILY_GREAT'),

('AGENDA_AL_SKYLOVE_WAR_NEIGHBORS', 'MODIFIER_PLAYER_DIPLOMACY_SIMPLE_MODIFIER', 0, 'PLAYER_AT_WAR_WITH_NEIGHBORS'),
('AGENDA_AL_SKYLOVE_FRIEND', 'MODIFIER_PLAYER_DIPLOMACY_SIMPLE_MODIFIER', 0, 'PLAYER_DECLARED_FRIEND'),
('MOD_TRAIT_AL_SNOWFLAKE_COMBAT', 'MODIFIER_PLAYER_UNITS_GRANT_ABILITY', 1, NULL),

('MOD_ABILITY_TRAIT_AL_SNOWFLAKE_COMBAT', 'MODIFIER_PLAYER_UNITS_ATTACH_MODIFIER', 0, 'REQSET_AL_GRANT_ADJACENT_AZ_UNIT'),
('MOD_ABILITY_TRAIT_AL_SNOWFLAKE_COMBAT_1', 'MODIFIER_PLAYER_UNITS_ATTACH_MODIFIER', 0, 'REQSET_AL_GRANT_ADJACENT_BZ_UNIT'),
('MOD_ABILITY_TRAIT_AL_SNOWFLAKE_COMBAT_2', 'MODIFIER_UNIT_ADJUST_COMBAT_STRENGTH', 0, NULL),

('MOD_TRAIT_AL_SNOWFLAKE_ROUTE_DOMESTIC', 'MODIFIER_PLAYER_ADJUST_TRADE_ROUTE_YIELD_PER_SPECIALTY_DISTRICT_FOR_DOMESTIC', 0, NULL),
('MOD_TRAIT_AL_SNOWFLAKE_ROUTE_INTERNATIONAL', 'MODIFIER_PLAYER_ADJUST_TRADE_ROUTE_YIELD_PER_SPECIALTY_DISTRICT_FOR_INTERNATIONAL', 0, NULL),
('MOD_TRAIT_AL_CHARISMA_TRADEROUTE', 'MODIFIER_PLAYER_ADJUST_TRADE_ROUTE_CAPACITY', 0, NULL),
('MOD_TRAIT_AL_CHARISMA_INFLUENCE', 'MODIFIER_PLAYER_ADJUST_INFLUENCE_POINTS_PER_TURN', 0, NULL),
('MOD_TRAIT_AL_CHARISMA_LILYGREAT', 'MODIFIER_PLAYER_ADJUST_GREAT_PERSON_POINTS', 0, NULL),
('MOD_TRAIT_AL_CHARISMA_WELCOME', 'MODIFIER_MAJOR_PLAYERS_ATTACH_MODIFIER', 0, NULL),
('MODIFIER_AL_WELCOME_CHARISMA', 'MODIFIER_PLAYER_DIPLOMACY_SIMPLE_MODIFIER', 0, 'REQSET_AL_LEADER_IS_RIRI'),
('MOD_TRAIT_AL_CHARISMA_DIPLO', 'MODIFIER_PLAYER_ADJUST_EXTRA_FAVOR_PER_TURN', 0, NULL);


INSERT INTO ModifierArguments
    (ModifierId, Name, Value) VALUES
    ('MOD_AL_TRAIT_KANAHO1_BUILD', 'YieldType', 'YIELD_CULTURE'),
    ('MOD_AL_TRAIT_KANAHO1_BUILD', 'BuildingProductionPercent', '15'),
    ('MOD_AL_TRAIT_KANAHO1_BUILD', 'IncludeWonder', 0),
    ('MOD_AL_TRAIT_KANAHO2_1', 'ModifierId', 'BUFF_AL_TRAIT_KANAHO2_1'),
    ('MOD_AL_TRAIT_KANAHO2_2', 'ModifierId', 'BUFF_AL_TRAIT_KANAHO2_2'),
    ('BUFF_AL_TRAIT_KANAHO2_1', 'Amount', 3),
    ('BUFF_AL_TRAIT_KANAHO2_2', 'Amount', 1),

    ('AGENDA_AL_SKYLOVE_WAR_NEIGHBORS', 'SimpleModifierDescription', 'LOC_DIPLO_MODIFIER_AL_SKYLOVE_WAR_NEIGHBORS'),
    ('AGENDA_AL_SKYLOVE_WAR_NEIGHBORS', 'StatementKey', 'LOC_DIPLO_WARNING_EXIT_LEADER_AL_RIRI_ANY'),
    ('AGENDA_AL_SKYLOVE_WAR_NEIGHBORS', 'IncrementTurns', 3),
    ('AGENDA_AL_SKYLOVE_WAR_NEIGHBORS', 'MaxValue', -10),
    ('AGENDA_AL_SKYLOVE_WAR_NEIGHBORS', 'InitialValue', -2),
    ('AGENDA_AL_SKYLOVE_FRIEND', 'SimpleModifierDescription', 'LOC_DIPLO_MODIFIER_AL_SKYLOVE_FRIEND'),
    ('AGENDA_AL_SKYLOVE_FRIEND', 'StatementKey', 'LOC_DIPLO_KUDO_EXIT_LEADER_AL_RIRI_ANY'),
    ('AGENDA_AL_SKYLOVE_FRIEND', 'MessageThrottle', 20),
    ('AGENDA_AL_SKYLOVE_FRIEND', 'ReductionValue', 1),
    ('AGENDA_AL_SKYLOVE_FRIEND', 'ReductionTurns', 10),
    ('AGENDA_AL_SKYLOVE_FRIEND', 'InitialValue', 6),
    ('MOD_TRAIT_AL_SNOWFLAKE_COMBAT', 'AbilityType', 'ABILITY_TRAIT_AL_SNOWFLAKE_COMBAT'),
    ('MOD_TRAIT_AL_SNOWFLAKE_ROUTE_DOMESTIC', 'YieldType', 'YIELD_SCIENCE'),
    ('MOD_TRAIT_AL_SNOWFLAKE_ROUTE_INTERNATIONAL', 'YieldType', 'YIELD_SCIENCE'),
    ('MOD_TRAIT_AL_SNOWFLAKE_ROUTE_DOMESTIC', 'Amount', 2),
    ('MOD_TRAIT_AL_SNOWFLAKE_ROUTE_INTERNATIONAL', 'Amount', 2),

    ('MOD_ABILITY_TRAIT_AL_SNOWFLAKE_COMBAT', 'ModifierId', 'MOD_ABILITY_TRAIT_AL_SNOWFLAKE_COMBAT_1'),
    ('MOD_ABILITY_TRAIT_AL_SNOWFLAKE_COMBAT_1', 'ModifierId', 'MOD_ABILITY_TRAIT_AL_SNOWFLAKE_COMBAT_2'),
    ('MOD_ABILITY_TRAIT_AL_SNOWFLAKE_COMBAT_2', 'Amount', 1),

    ('MOD_TRAIT_AL_CHARISMA_TRADEROUTE', 'Amount', 1),
    ('MOD_TRAIT_AL_CHARISMA_INFLUENCE', 'Amount', 2),
    ('MOD_TRAIT_AL_CHARISMA_LILYGREAT', 'GreatPersonClassType', 'GREAT_PERSON_CLASS_AL_LILY'),
    ('MOD_TRAIT_AL_CHARISMA_LILYGREAT', 'Amount', 2),
    ('MOD_TRAIT_AL_CHARISMA_WELCOME', 'ModifierId', 'MODIFIER_AL_WELCOME_CHARISMA'),
    ('MODIFIER_AL_WELCOME_CHARISMA', 'InitialValue', 10),
    ('MODIFIER_AL_WELCOME_CHARISMA', 'StatementKey', 'LOC_DIPLO_KUDO_LEADER_AL_CHARISMA_WELCOME_REASON_ANY'),
    ('MODIFIER_AL_WELCOME_CHARISMA', 'SimpleModifierDescription', 'LOC_DIPLO_MODIFIER_DESCRIPTION_AL_CHARISMA_WELCOME'),
    ('MOD_TRAIT_AL_CHARISMA_DIPLO', 'Amount', 2);

INSERT INTO ModifierStrings
(ModifierId, Context, Text) VALUES
('MODIFIER_AL_WELCOME_CHARISMA', 'Sample', 'LOC_TOOLTIP_SAMPLE_DIPLOMACY_ALL'),
('AGENDA_AL_SKYLOVE_WAR_NEIGHBORS', 'Sample', 'LOC_TOOLTIP_SAMPLE_DIPLOMACY_ALL'),
('AGENDA_AL_SKYLOVE_FRIEND', 'Sample', 'LOC_TOOLTIP_SAMPLE_DIPLOMACY_ALL'),
('MOD_ABILITY_TRAIT_AL_SNOWFLAKE_COMBAT_2', 'Preview', '+{1_Amount} {LOC_MOD_ABILITY_TRAIT_AL_SNOWFLAKE_COMBAT_2}'),
('BUFF_AL_TRAIT_KANAHO2_1', 'Preview', '+{1_Amount} {LOC_TRAIT_LEADER_AL_KANAHO2_STRING}');

INSERT INTO RequirementSets
(RequirementSetId, RequirementSetType) VALUES
('REQSET_AL_LEADER_IS_RIRI', 'REQUIREMENTSET_TEST_ALL'),
('REQSET_AL_LEADER_IS_KANAHO', 'REQUIREMENTSET_TEST_ALL');

INSERT INTO RequirementSetRequirements
(RequirementSetId, RequirementId) VALUES
('REQSET_AL_LEADER_IS_RIRI', 'REQ_AL_LEADER_IS_RIRI'),
('REQSET_AL_LEADER_IS_KANAHO', 'REQ_AL_LEADER_IS_KANAHO');

INSERT INTO Requirements
(RequirementId, RequirementType) VALUES
('REQ_AL_LEADER_IS_RIRI', 'REQUIREMENT_PLAYER_LEADER_TYPE_MATCHES'),
('REQ_AL_LEADER_IS_KANAHO', 'REQUIREMENT_PLAYER_LEADER_TYPE_MATCHES');

INSERT INTO RequirementArguments
(RequirementId, Name, Value) VALUES
('REQ_AL_LEADER_IS_RIRI', 'LeaderType', 'LEADER_AL_RIRI'),
('REQ_AL_LEADER_IS_KANAHO', 'LeaderType', 'LEADER_AL_KANAHO');

INSERT INTO AiLists
(ListType, AgendaType, System) VALUES
('IronConfederacyDiplomacy', 'TRAIT_AGENDA_AL_SKYLOVE', 'DiplomaticActions');

INSERT INTO UnitAbilities
(UnitAbilityType, Name, Description, Inactive) VALUES
('ABILITY_TRAIT_AL_SNOWFLAKE_COMBAT', 'LOC_ABILITY_TRAIT_AL_SNOWFLAKE_COMBAT_NAME', 'LOC_ABILITY_TRAIT_AL_SNOWFLAKE_COMBAT_DESCRIPTION', 1);

INSERT INTO UnitAbilityModifiers
(UnitAbilityType, ModifierId) VALUES
('ABILITY_TRAIT_AL_SNOWFLAKE_COMBAT', 'MOD_ABILITY_TRAIT_AL_SNOWFLAKE_COMBAT');

INSERT INTO TypeTags
(Type, Tag) VALUES
('ABILITY_TRAIT_AL_SNOWFLAKE_COMBAT', 'CLASS_AL_BZ');